text,label_raw,source_dataset,label
نفس شي مع la win تقولو فيسبوك مجاني ....بصح غير يخلاصو لجيغا متقدرش تتفرج فيديوهات,1,dataset_2,0
غير نلقاو الكونيكسيو و من بعد ساهل,1,dataset_2,0
نقدر نحول مبتسم تاعي ل سما,0,dataset_2,1
نسقسيكم برك كان عندي 16 نيوم ملي فليكسيت 1000 دج و اكتيفيت لاوين 650 دج درك لقيت 1 دج 350دج وين راحو ماني دايرة لا رنتي لا هم يحزنون وين راحو دراهمي,1,dataset_2,0
علاه تخلو الناس تفليكسي 🙄من بعد تدولهم كيما انا منيش دايرة رناتي و كلما نفليكسي تدولي 🙄 ؟!!,1,dataset_2,0
كي تعود الكنكسيون عندكم خفيفة ساعتها ديرو عروض,1,dataset_2,0
موبيليس العاصمة شرق راهي تعاني من ريزو انترنت راهي ماكانش,1,dataset_2,0
حنا لاوين و كلمتين ترودوهالنا ب مئة ألف,1,dataset_2,0
من فضلكم حابا نردها piXx ديرولنا حل ما عجبتنيش سما هذي,0,dataset_2,1
كتيفيت 1000دج وخلاصولي لي جيڨا قبل لوقت كيفاش نعاود نأكتيفي,0,dataset_2,1
اصلاح الشبكة اولى.,1,dataset_2,0
على وجه ربي اعدلو الانترنت تاعكم,1,dataset_2,0
رحمة على الوالدين حسنولنا خدمة الإنترنت راهي شبه منعدمة في مدينة بها أكثر من 60000 نسمة ، الذرعان ولاية الطارف,1,dataset_2,0
دير كوبي كولي راهم حڨرونا وحنا جامي نسكتوا على حقنا ⁦🇩🇿⁩⁦🇩🇿⁩ في تصفيات 2018 تمت إعادة مباراة السنغال بسبب ظلم السنغال تحكيميا الهاشتاغ #Algeria_and_Cameroon_match_unjust_Bring_us_back_the_match_Where_is_FIFA_ #نطالب_الفيفا_بإعادة_المباراة فعلو هذا الهاشتاغ,1,dataset_2,0
Ana mein activit forfait sama hada mmakanch Kamel cnnx youtube makach les photos f Facebook makach cnnx t9ila es ce que n9dro n3awdo nrdj3o le forfait pix,1,dataset_2,0
ير سڨموا 4G و الريزو ومن بعد ديروا العروض,1,dataset_2,0
موبيليس تحسين الشبكة .وبعدين كثروا العروض,1,dataset_2,0
ياموبيليس نتوما الراعي الرسمي تكلمونا مع رئيس الفدرالية يقدم الشكوى,0,dataset_2,1
كون ماكتيفي تع شهر هدرة وانثرنات ومبعد حولتها لسما راهلي أنثرنات ومبقاتلي غير الهدرة والفايسبوك,1,dataset_2,0
عرض سما 1000 دج خلاصت في عشرين يوم انترنيت فيس بوك غير مجاني من فضلكم رجعولي عرض بيكس كنت نكمل بيها شهر مرتاح,1,dataset_2,0
عروض غير هي بصح كونكسيو ثقيلة ريزو يروح و يولي 😐,1,dataset_2,0
Yehdikoum rebi cox !?,1,dataset_2,0
و الأنترنت صفر فيديو فيه 10 ثواني ساعة باش نشوفو ، حسنوا الكونكسيو و بركا ما تخرطو علينا …,1,dataset_2,0
غير لخرطي اكتيفيت 50 الف ساما نات يمشيلي غير لفيسبوك,1,dataset_2,0
يا موبيليس علاش مادرتوش في سما عرض خمسالاف ماكتيفيا، انا رجعولي عرض مبتسم ماعجبتنيش سما مافيهاش تاه خمسالاف,1,dataset_2,0
خاوتي كونيكسيو في موبيليس مكانش و لا كيفاه راني ماكتيفي تاع 2000 نات 90 جيقا و كونيكسيو مكانش ملقري تلفون جديد و نقطة اتصال صحيحة و مشكل في الكاميرون كونيكتيت عادي و هنا والو,1,dataset_2,0
Aya GUe Ta3 100 alaf kachma jdid fiha fi ramdhan,0,dataset_2,1
A première vue ça l air la Meilleure offre sur le marché algerien Reste a vérifier la qualité de ce service Bonne continuation,2,dataset_2,2
هكذا تعجبني موبيليس 💪😎❤,2,dataset_2,2
انا عندي Win contrôle 1300 تسمى واش ندير بيها درك نزيد 200دج و نكتيفي 30جيڤا مركومش تشوفو بلي كاين خلل في الحساب,0,dataset_2,1
La cnx 15gega rahat fi 3jours c anormal,1,dataset_2,0
انا تخدعت في هذا العرض اليوم شريت puce جديدة مع العرض تاع سما ومالقيت لا انترنت لا والو,1,dataset_2,0
كوناكسيو تحسب رانا مزال بل 2G وتخلاص في سيمانا ههه,1,dataset_2,0
حبيت نعرف حاجة و هاديك تع 100 الف و 15 جيڨا يكي بخلاصو يبقى يمشي الفايسبوك,0,dataset_2,1
الكونيكسيو تاعها طلع فيسبوك لايت تديلك 20 جيڨا,1,dataset_2,0
110 kbps يرحم باباك وش تدير بيها,1,dataset_2,0
المشكل فالتغطية رانا مزولنا بعاد خخخ,1,dataset_2,0
مجانية الفيسبوك بعد استهلاك العرض .. هي سبب رئيسي وراء نفور المشتركين و سخطهم من عرض سما خطأ كبير وجب تداركه .,1,dataset_2,0
اجماعة ننصحك والله والله ما راهي باهية في نهارين تكمل وداروها بذمة كيما تعمل شريحة سما متقدرش ترجعها,1,dataset_2,0
يا ناس ذا عرض خدعة تع سما ..لي عندو توب ولا بيكس تروحلكم ومتقدروش ترجعو اوياكم منهم عروضهم تزداد سوءا,1,dataset_2,0
اليوم ذهبت عند موبيليس باش نشري بيس قعدت 3سوايع وانا نقارع ومبعد قالولي منبيعوش برخسة سياقة املا خليتهالكم,1,dataset_2,0
C'est beaucoup trop cher et la connexion est nulle,1,dataset_2,0
انا عجبني عرض 1000 نت,2,dataset_2,2
المشكل لاوين لازم تزيدولن ف الانترنت رانا نسلكو 130الف متمدولنا غير 15G قليلة لازم تزدولنا شوي,2,dataset_2,2
عرض مليح,0,dataset_2,1
اذا قمت بتحويل من top4G الى sama هل يمكنني الرجوع الى العرض الاول top4G,0,dataset_2,1
انا بدلت العرض تاعي من pix الى sama وفليكسيت 1000 .. ملحقتنيش قلت بالاك بعتهالي ماكتيفيا pix ؟ واش ندير,0,dataset_2,1
لكن التغطية ضعيفة في دائرة اشمول ولاية باتنة لقد راسلناكم عشرات المرات المشكل الهوائي الرئيسي المسمى ادارت بعيد عن المدينة والهواىي المتواجد في المدينة ليس سوى عمود للكهرباء وليس عاليا كما هو الحال ولكم واسع النظر,1,dataset_2,0
أعيد و أكرر الشبكة ضعييفة الهاتف والشريحة من الجيل الرابع ولكن الخدمة النت بمستوى الجيل الثاني وكل المعلومات الشخصية متوفرة في الخاص ولا داعي لإعادة طرحها وشكرا,1,dataset_2,0
واش نكونيكتي من البارح والريزو ماكاش شوية ريح راح كلش في سيدي موسى,1,dataset_2,0
نظن لقيت الحل تع التدفق الضعيف، دخلت فالاعدادات تع الهاتف و ديرو واش نقلكم: Paramètres Connexion Réseau mobile Noms des points d accès et vous cocher sur mobilis internet après vous enregistrer Redémarrer le tel,0,dataset_2,1
نصيحة لي مزال مااكتفيهاش غير ميديرهاش أكبر حشوة Pixx أفضل منها بألف مرة,1,dataset_2,0
بأذن الله نبدل ل اووريدو لاني نستعمل بزاف الإنترنت موبيليس ناقصة بزاف فالتغطية وكارثة عظمى عرض سما:عالي التدفق =يعني 90 go هذيك تخلاصلك في سمانة قبل ماتستعملها,1,dataset_2,0
ومبعد الكونيكسيون سلحفاة وفي آخر الشهر تلقى مزالك 88 جيغا,1,dataset_2,0
كان ندير هاذ العرض تنعكس لحالة نولي نهدر بزاف ونكونكتي شوية,2,dataset_2,2
عرض pix دايرين الفيس بوك باطل من بداية دفعك للشهر اي كي تكون فالفيس وتتفرج ولو فلم ساعتين متاكلش كونكسيو,1,dataset_2,0
افضل عرضpixx شفتو في حياتي,2,dataset_2,2
انا تبانلي موبيليس خير من لخدمات لوخرين كما اوريدو كل عام يزيدو ينقصولك فالجيغات تديها جديدة تعمر 1500الف يعطوك 50جيغا لعام جاي تولي تنقص ذيك 50,1,dataset_2,0
"de pire en pire, on arrive même pas à lire les commentaires alors youtube faut même pas en rêver",1,dataset_2,0
علاه سرقتولي سبعلاف البارح,1,dataset_2,0
الكونيكسيو تاعكم خرية,2,dataset_2,2
أنا نخدم بيه مليح,2,dataset_2,2
Ooredoo Switch مليحة أني نخدم بيها,2,dataset_2,2
افليكسي،1500 فالأوريدو 40 جيڨا تشدلك شهر,0,dataset_2,1
انا درتها التدفق مليح و حاليا راني مفعلة تاع sama net 1500 da فيها 60Go,2,dataset_2,2
بالنسبة ليا اوريدوو ذا باست مأكيتيفي عرض نتااع YOOZ 30gb ب 150دقيقة كلش ب150 الفايس و اليوتيوب باطل,2,dataset_2,2
اوريدو يوز 150الف. 30جيقا وفيسبوك مجاني وسرعة تدفق عالية وفيسبوك مجاني منذ البداية وليس بعد ماتكمل ليجيقا وزيد يكمل شهر وليجيقا يبقوا حتى ولو تخدم 24سا,2,dataset_2,2
افضل عرض حاليا في الجزائر اوريدو سويتش 150الف ..يعطوك 50جيغا +150الف هدرة +سرعة تدفق عالي,2,dataset_2,2
Vive oredoo la Switch,2,dataset_2,2
أوريدو 50جيغا تشدلك وكونيكسيون مليحة,2,dataset_2,2
احسن عرض في موبيليس هو pix,2,dataset_2,2
بصح واشمن فايدة إذا التدفق ضعيف لوكان يعطيك حتى 1000جيقا والأنترنت ضعيفة مادرنا والو,1,dataset_2,0
المشكل مكانش الريزو راني فلكسيت بصح متمشيليش دورتها لجيزي قراتوي,1,dataset_2,0
المشكل تاعهم فالريزو مكانش و التدفق فرشة .. ماشي فالپاك,1,dataset_2,0
مليح العرض هاذا,2,dataset_2,2
سرقة كبيرة. ماننصحكمش ديروها,1,dataset_2,0
عندي 4 جيجا وتكفيني شهر كامل .. لماذا ؟ لاني لا اكونيكتي بزاف ؟ لا .. لان التدفق بطئ .. لا يكفي لاستهلاك 4 جيجا مع الاتصال المستمر .. هل احتاج 90 جيجا ؟ نعم .. هل يمكنني الاستفادة منها ؟ لا .. .,1,dataset_2,0
عرض sama يستهلك الانترنت بطريقة عجيبة لي شراها باصا,1,dataset_2,0
المشكل دائما في شبكة الأنترنت الضعيفة,1,dataset_2,0
J'ai opté pour Djezzy depuis qlq mois .. je préfère djezzy,1,dataset_2,0
علاه كي نشريو البيس تقولوا 20 جيغا وكي تولي عندها شهرين تقلبوها 8 جيقا حراام عليكم والله,1,dataset_2,0
عرض جيد جدا,2,dataset_2,2
جربته العرض لكن سريع الانتهاء جربوا ديرولنا تطبيق كيما تاع يووز يساعد المستهلك أكثر خاصة الي كيفي يحبوا خدمات موبيليس,1,dataset_2,0
عرض مليح لوكان ترجعوه للشهر ماشي 15 يوم,2,dataset_2,2
اقسم بالله درتها ثقيلة مبغاتش تمشي ليا,1,dataset_2,0
بالعكس pix احسن من سما نفس العروض نفس الفليكسي فقط تغيير في الاسم الاولى prix والثاني sama الحجم لم يتغير زيد أن الفيسبوك يحتسب مع 15 جيفا الممنوحة يعني ما درتو والو تهفو في الناس وفقط,1,dataset_2,0
Mliha lokan fiha YouTube batel,1,dataset_2,0
ديروها تبعث مكتيفيا رانا كرهنا,1,dataset_2,0
عمركم ولا تجيبوا حاجة زينة ،دائما تكعلوها في حاجة و زيد الشبكة راها زيرو ،ريڨلو رواحكم راه رمضان لواحد يعود يتقلق ولا,1,dataset_2,0
واش الفايدة كي تعمر شهر ب30 جيجا والريزو ماكانش او شبه مكانش كي شغل راك توهب دراهمك لجماعة صدكة صدكة في سبيل الله,1,dataset_2,0
مايمشي لا مسنجر لايوتيوب لاڨوڨل 🙂🙂,1,dataset_2,0
على الكونيكسيو زينة لي فيها و زيد ليجيغا يكملو بلخف انا في 3 ايام راحت 12 جيغا تبقى حاير الله غالب الوقت الحالي بسيف عليا نمشي بموبيليس بصحتكم و صاي,1,dataset_2,0
5جيكا استهلكت في وقت قصير 24 ساعة رغم اني لم استهلكها . يوجد خلل عندكم,1,dataset_2,0
كونكسيو تاعها ليه ليه تكمل غير مديرش 20 ج في سمانة,1,dataset_2,0
جامي صراتلي 15ج في 10 أيام فضت... كاين حاجة ماش نورمال,1,dataset_2,0
موبيليس قدمت عروض جيدا,2,dataset_2,2
اطلڨونا ريزو تحسب ان نطلبو فيكم,1,dataset_2,0
كاين عرض خير تع سمانت 1000دينار يعضوك 30جيجا,2,dataset_2,2
15 jours !! Jamais 7akmetli fog 5 jours 😒 Dirolna des offres ta3 internet bark lhdrat besma7,0,dataset_2,1
الريزو 000000,1,dataset_2,0
اودي شا دكم للعروض احسنونا غير في تدفق الانترنت فقط رهي تكاد تنعدم,1,dataset_2,0
ديرو هدة فرمضان زيدو العروض والتدفق يهديكم ربي رمضان كريم ⁦❤️⁩اما عرض السما هذا ميفرحش,1,dataset_2,0
عروض رمضان مكانش هاد العام راني نستنا بله نأكتيفي.,0,dataset_2,1
شكرا,2,dataset_2,2
كي تطلقوا الريزوا ساهل الحال,1,dataset_2,0
ردو علينا امبعد ديرو عرض جديد,1,dataset_2,0
رديت بيس تاعي من بيكس لسيما اكتيفيت 100 دينار فعرض سيما ميكس نحيتوهالي .علاه ماتاكتيفاتش .😠😠,1,dataset_2,0
🙂لي يعرف كفاش نحي هد سما يقولي راني درتو و ندمت؟,1,dataset_2,0
ما كان ماكان خسارة الدعاية والاعلان رب يتقبل منا ومنكم,1,dataset_2,0
خصم اموال من رصيد من خدمات التي فرضتم علينا بدون اذن,1,dataset_2,0
لم أتمكن من التحويل إلى عرض سما وماتقوليش أتصل بأقرب وكالة,1,dataset_2,0
وين راهم عروض رمضان ولا مكانش هاد العام 🙄🙄,0,dataset_2,1
بصح حسيت روحي تكلحت في لاجونس كي درتها ماقالوليش على مشكل مساجات لغير موبيليس وشوفو العرض واش حاطين فيه,1,dataset_2,0
حولت البيس تاعي من بيكس ل سما كيفاش نردها كيما كانت بيكس,0,dataset_2,1
من الأحسن إعادة النظر في تحسين نوعية الشبكة الكارثية قبل تقديم هذه العروض و خاصة خدمة الانترنت و الجيل الرابع 4G,1,dataset_2,0
مخرجش عندي العرض سما تع 1000دج,0,dataset_2,1
راح تهبل من الثقل نتاع الانترنت هههههههه,1,dataset_2,0
موبيليس دير اعصاب مع كونيكسيو,1,dataset_2,0
علاش مكاش عروض تع رمضان ...نعرفو غير تدور دراهم و صايي,1,dataset_2,0
كبفاش نسلف من موبيليس,0,dataset_2,1
والريزو كيفاه 🤣🤣🥴🥴🥴🙃,1,dataset_2,0
ردو فلخاص,0,dataset_2,1
حرام عليكم ديتولي ليزينيتي 😭😭,1,dataset_2,0
حبيت نسقسيكم عندي بيس موبليس يعيطولي و مانعيطش ويقولولي اتصل بمصلحة الزبائن واش ندير من فضلكم قولولي,0,dataset_2,1
عرض sama control واش فيه، لانو في الموقع لا يوجد محتوى العرض سوى الجوازات,0,dataset_2,1
كائن عروض في رمضان كريم,0,dataset_2,1
حبيت نرجع لابيس تاعي pixx بعد ما حولتها لsama,0,dataset_2,1
Connexion 0 3g,1,dataset_2,0
Mobilis نحن ننتظر في عروض رمضان هل هناك عروض هذه السنة؟,0,dataset_2,1
هذاك لاكونيكسو زين تاعكم,1,dataset_2,0
كيفاش نحولها ولا لازم نروح لأقرب وكالة 😏😏,1,dataset_2,0
عييتونا بالكونيكسيون تاعكم 4g متطلعش,1,dataset_2,0
بارك الله فيكم . بعد التجربة عرض سما جيد يعني تخير لي يساعدك . نتمنى تزيدو ديرو عرض انترنت وهدرة مع بعض تاع مدة طويلة عقد كمثال 6 أشهر او 12 شهر ويكون بسعر مناسب وشكراااا,2,dataset_2,2
هل المكالمات نحو موبيليس. مجانية في عرض sama net,0,dataset_2,1
ليمساج للشبكات الاخرى منقدرش نبعت !,0,dataset_2,1
فالجزائر الصيغة 2G 3G 4G والتدفق واحد ☝,1,dataset_2,0
كيف اقوم بإلغاء خدمة سما ولماذا الأنترنت ضعيفة في هذا العرض,1,dataset_2,0
نحوها وحدكم مش تغرمونا عليها لينتي... لنفليكسوها طيروها…,1,dataset_2,0
Hadi b ls unité yak,0,dataset_2,1
هذو مشي شروط تحسب راح نربح رحلا للفضاء,1,dataset_2,0
انتم الاصل والباقي تقليد 🌷🌷❤️ شكرا موبيليس لانك بيننا,2,dataset_2,2
شكرا موبيليس,2,dataset_2,2
حسنو خدمة الانترنت لكي نستطيع الدخول الى الرابط,1,dataset_2,0
شكراً موبيليس وصح رمضانكم,2,dataset_2,2
#نطالب بتحسين خدمة الانترنت,1,dataset_2,0
رمضان كريم وربي يحفظكم والله عمال موبليس أحسن معاملة وتربية وأخلاق,2,dataset_2,2
أين هي عروض رمضان 2022 شهر في العام ڨراتوي مكانش اه يا موبيليس واش درت بينا,1,dataset_2,0
ولله فلكست 100تلف عطوني 30 عاود قلولي بلي عطوني 13,1,dataset_2,0
A quoi bon de gagné alors que la cnx matmchich,1,dataset_2,0
عرض جد كارثي بالنسبة لمن يستخدم فايسبوك بكثرة .. تولي تكونصومي من البداية و يخلصولك 15 جيڨا في أقل من اسبوع .. كما انك لا يمكنك العودة للعرض السابق .,1,dataset_2,0
ana 30g rahat fi 15 j,1,dataset_2,0
كنكسون ضعيفة جدا والريزو ناقص حتى الدبي ضعيف تحت الصفر.,1,dataset_2,0
في رمضان وتكذبو ربي يهديكم كي تروح تشري بيس كشغل فيزا🙄 عندهم ريزو قوي🤨 كي تخرج من عندهم 😡برك😬😤ريزو زيرو0,1,dataset_2,0
أصلحوا مشكل شبكة الأنترنت والمكالمات من فضلكم قبل أن تتحدثوا عن هذه العروض فهذه الشبكة تكاد أن تكون معدومة!,2,dataset_2,2
صراحة، أول مرة نقنع بسرعة انترنت تاعكم، ان شاء الله,1,dataset_2,0
الريزو تاع موبيليس زبل خاشاكم,1,dataset_2,0
90 جيغا انترنت في شهر والسرعة توازي سرعة السلحفات ما الفائدة ؟!!!!90 جيغا هاذي تعطوهاني في عام ما نكملهاش وين راني عايش انا 😄😄😄,1,dataset_2,0
و موبيليس غير محدود ... عرض فاشل غلطت درتو مرة اولى و منزيدش نديروووو خسترة الدراهم كنت حاسبة مكالمات نخو موبيليس غيؤ محدود خاطر من مفروووض بااينه هذه اي اكتيفايصيون تاع 1000 و 1500 من مفروض باينه,1,dataset_2,0
السرعة طير,2,dataset_2,2
العرض لمخير وهة نظري هدرة وانترنت هو تاع 1500 دج سما مكس يعطيلك 30 جيغا + 3000 دج لكل شبكات ونحو موبليس غير محدود وبالتالي لو نديرو عملية حسابية غي اليوم الواحد تستهلك 1 جيغا معنتها تكملك الشهر عادي . وجهة نظري انه افضل عرض وسعر ونتمناو يرجعوه ب 1000 دج يكون اروع,2,dataset_2,2
انه اسوء عرض لماذ النت فيه حلزون,1,dataset_2,0
ساما أحسن بكثير انا جربتها ومن جميع نواحي احين يزيدولك لجيغا ولهدرة,2,dataset_2,2
كي تولي التغطية والتدفق في حالة.. ماعندنا مانديرو ب90 جيڨا بالعكس خسارة دراهم في باطل,1,dataset_2,0
الله يبارك احسن شبكة في منطقة نتاعنا,2,dataset_2,2
الكونيكسيو رها عيانة,1,dataset_2,0
لوكان سڨمتولنا غير الشبكة و منبعد ديرو عروض,1,dataset_2,0
شكلة كبيرة منيتكم دايرين عرض كما هذا و عاجبكم 😕,1,dataset_2,0
أسوء تغطية و أسوء انترنت و مرانيش نحكي على العاصمة نحكي على باقي ربوع الوطن,1,dataset_2,0
اضعف شبكة فالعالم..كي ندخل للدار الريزو و مكانش..امام المنزل 2g..كيف استفيد من عروضكم و الشبكة ضعيفة في مدينتنا...إتقو الله,1,dataset_2,0
المشكل راه في الشبكة بمعنى التدفق راه اقل من تدفق 3G,1,dataset_2,0
موبيليس أسوأ ريزو,1,dataset_2,0
الشبكة ضعييييفة جدا جدا حتي في وسط المدينة .الشبكة كارثية,1,dataset_2,0
هاذيك الكونكسيون يا خويا ياخويا,1,dataset_2,0
زدونا في تدفق المنخفض😕👎,1,dataset_2,0
حشوااات وخلاص,1,dataset_2,0
خدمو غير ريزو نتاعكم و منبعد ساهل,1,dataset_2,0
منهار رجعت سما هدا راحت موبيليس,1,dataset_2,0
المشكل راهو فلريزو وكونكسيون كل شهر نخصرو دراهم في باطل,1,dataset_2,0
جمعية كافل اليتيم الكاليتوس تهنئكم بدخول شهر رمضان وتسأل الله لكم في هذا الشهر حسنات تتكاثر، وذنوب تتناثر، وهموم تتطاير، وأن يجعل بسمة بسعادة، وأن يجعل صمتكم عبادة، وخاتمتكم شهادة، ورزقكم جميعاً في زيادة، وبكل زخات المطر وعدد من حج أو اعتمر رحمةً وعفواً لا ينقطع,0,dataset_2,1
مكمش حشمانين على ارواحكم,1,dataset_2,0
تحشاتلي كي بدلت والله 🤦‍♂️,1,dataset_2,0
هحولولي العرض ولا نكسر لابيس,1,dataset_2,0
دعوة الشر هدي سيما,1,dataset_2,0
نصيحة متجربوهاش اسوء شبكة تدفق ضعيف,1,dataset_2,0
أولا سڨمو الريزو لوكان يعطوك 1000 جيقا في شهر مش راح تستهلك غير 1جيقا لانو ماتمشيش ريزو عيان... ثانيا يعطولك عرض وماتقدر تبدل لعرض آخر ولا شئ واذا حاب عرض جديد لازمك تسمح في رقم الهاتف تاعك... ثلاثا الإجابة اللي ديما يقولوهالك كي دير ريكلاماسيون على ريزو يقلك فرقنا التقنية تحاول جاهدة اصلاح الخلل وسوف يتم اصلاحه في اقرب وقت...وقت الاصلاح ماحبش يلحق كامل راني في عامين.,1,dataset_2,0
رحتلهم حتى لاجونص قالولي الحل الوحيد نعاودولك بيس ونفس المشكل والله ماعندها حل الحلول كامل درتهم راك في دزاير كلش معوج ربي يصلح لبلاد والعباد,1,dataset_2,0
الأنترنت بلا مكالمات عيانة !,1,dataset_2,0
كي تعدلو الريزو احشيوهالنا بالعروض اما ضرك عشرالاف وخسارة فيكم 😏😏😏,1,dataset_2,0
ديرولنا فيسبوك باطل اكبر حشوة هاذا العرض . لان الفيسبوك يكونصومي قاع لي جيقا,1,dataset_2,0
اعدلو الريزو تاعكم ومن بعد ساهل,1,dataset_2,0
90جيغا بتدفق السلحفاة,1,dataset_2,0
تحشولنا برك يعني 200 الف جاتكم قليلة كل شهر انتوما البونيس كامل ماتمدوش تعرفو غير تدو هههههه,1,dataset_2,0
العرض غالي شوية,1,dataset_2,0
ردو بالكم لي عندو بيكس يشد فيها ويريح,1,dataset_2,0
عند تعبئة الرصيد يتم سحبه مباشرة أو بالأحرى تتم سرقته,1,dataset_2,0
درتوها بيا و فليكست و ندمت 😢، أسوء كونيكسون في مجرة 😀😀😀,1,dataset_2,0
سما الفيسبوك مشي مجاني,1,dataset_2,0
يسرقولك دراهم,1,dataset_2,0
تهدر نهار ومن بعد مكانش هدرة,1,dataset_2,0
كنت نعس تليفوني لا يسرقوهلي من الجيب و موبيليس تسرقلي حسبنا الله و نعم الوكيل فيكم,1,dataset_2,0
عرض كاريثي بأتم معنى الكلمة,1,dataset_2,0
المدير تاع موبيليس ماشكيتش يمشي بموبيليس العب على روحك,1,dataset_2,0
موبيليس القنطة 🤏 كان جاتت PUS,1,dataset_2,0
تعيو 🥱🥱,1,dataset_2,0
غالية جدا,1,dataset_2,0
كل ما تهوا تلقى في سما ماتعرفوش تجيبو زوج كلمات بنفس القافية ! الهوا تجي مع الشوا مثلا,1,dataset_2,0
درتو و ندمت كفاش نرجع تلفون كيما كان من قبل,1,dataset_2,0
قييييو السلحفاه,1,dataset_2,0
شبكة عيانة,1,dataset_2,0
هل هناك عروض رمضانية قادمة أم لا ؟,0,dataset_2,1
ريزو kaka💩💩💩💩💩💩 اسوء متعامل في العالم,1,dataset_2,0
probleme ta3kom c que makanch el réseau,1,dataset_2,0
اسوء عرض لي جيڨا يفروو وحداهم يخلاصو ديراكت وبالمناسبة حبيت نسقسيكم كيفاش نعاود نرجع ل pixx!,1,dataset_2,0
awdi sabh w gol tafrat ana tani tnhchatli ma t9drch trj3ha kima kant w ga3 w lokn troh tchri pus jdida y3tolk sama 😭,1,dataset_2,0
Wow 90 gigas wonderful croyez moi j'ai la win et depuis toujours pour 1000 da j'ai 13 g pour un mois à la fin du mois je vous renvoie 12 gigas c'est pas que je l'utilise pas mais c'est la médiocrité de votre réseau non seulement mobile mais internet aussi. On réclame on change d'opérateur c'est toujours la même chose donc on finit par se faire a idée que tout est médiocre à l'image de ce pays.,2,dataset_2,2
عرض فاشل يستهلك الإنترنيت بشكل رهيب سرقة عيني عينك,1,dataset_2,0
من اكبر الحشوات هاذي سما لي عندو بيكس غي يشد فيها,1,dataset_2,0
كاين تخفضات في هذاا رمضان,0,dataset_2,1
لا أملك نقود ممكن تعملو مسابقة سحب على العرض وشكرا,0,dataset_2,1
موبليس الأسوء فالعرض sama والأسوء فالشبكة,1,dataset_2,0
الناس تحوس على عروض 1000دج تكون فيها كمية بيرة ماتهدرليش على 2000 ناس متفليكسيش هذ المبلغ جامي,1,dataset_2,0
العرض المقبول هو تاع سما مكس 1500 يعطيلك 30 جيغا و 3000 دج لكل شبكات وغير محدود مع موبيليس,2,dataset_2,2
هل ممكن نحول شريحة lawin الي هاذا عرض سما,0,dataset_2,1
مشروع فاشل,1,dataset_2,0
للأسف الشديد حتى لو كانت 1000جيقا بقيمة 100دج ما الفائدة ونحن نعاني من الخدمات ولاكوناكسيو تحت الصفر، حسنوا الخدمات ومن بعد العروض مواطن من ولاية سكيكدة دائرة عزابة,1,dataset_2,0
كل ما يسرقوك تلقاها في سما هذا العرض تع سرقة,1,dataset_2,0
مكانش كيفاش نرجع عرض بيكس ماشي قاع افار ساما هاذي 30ڨ في 15 يوم لايف فانستا راحتلي 3g سيريو,1,dataset_2,0
كفاش نديزاكتيفي sema,1,dataset_2,0
والله يا موبليس عدت تعيف شريكة تعكم,1,dataset_2,0
اسوء متعامل هوما نتوما,1,dataset_2,0
نحلولنا هاد العرض يرحم باباكم,1,dataset_2,0
"Réseau instable et connexion très mauvaise !!, veuillez résoudre le problème de votre réseau après on va parlé sur les offres et les promotions",1,dataset_2,0
وين راهي عروض رمضان المضاعفة,0,dataset_2,1
Kch promo ramadan wla rein 🤏😅,0,dataset_2,1
Quand il y aura le réseau nchalah 😑😑😑,1,dataset_2,0
مزال ملحقناش هذا العرض زعما فى رايكم امليح اشويا 😕,0,dataset_2,1
Mauvaise connexion à l'est de m'sila est son environnements.....🤮,1,dataset_2,0
Le pire des des réseaux,1,dataset_2,0
في عرض سما نت الهدرة مع موبيليس غير محدودة,2,dataset_2,2
عرض ممتاز,2,dataset_2,2
والله العظيم شكر على العروض احسن شريحة موبليس في العالم هك نبغوكما 🥰😍😍,2,dataset_2,2
راني نقارع برومو رمضان فيها ولا ما فيهاش,0,dataset_2,1
ياودي انترنت راهي مكانش طول مقارنة بجازي واوريدو في تقرت,1,dataset_2,0
عرض مليح و انترنت مليحة، تعلمت حاجة ما نسمع لحتى واحد نجرب بروحي و في وقت الذروة كونيكسيون مليحة عندي مقارنة بالمتعامل الثاني لي عندي,2,dataset_2,2
اكبر حشوة هي سما المهم السمانة الاولى يطيرولك بالانترنات نصيحة لا تشتروها فيها سرقة كبيرة او عرض تافه اكبر عملية نصب على الزبائن لوكان جات الدنيا دنيا والله غير العدالة تاكلهم,1,dataset_2,0
لالا في السما صح وزيد خدمات في اسفل السافلين,1,dataset_2,0
هاد العرض غير في رمضان باش ماتصوم ماتصلي سما شيطان قالهم راني رايح في رمضان ونتوما تهالو كملو خدمتي,1,dataset_2,0
أكبر حشوة للقضاء على بيكس وتوب 4ج,1,dataset_2,0
ماذا عن شريحة وين ليبر 65 تنتهي الانترنت بانتهاء الجيقات,0,dataset_2,1
و مافائدة انكم تعطون 100 جيغا مجانا والاتصال بالشبكة معدوم,1,dataset_2,0
عرض غالي جدا و فاشل صبيب الانترنيت لا يتعدى نصف ميڨا و الشبكة معدومة و ضعيفة و كيلكم ربي 😡😡🤬,1,dataset_2,0
مافائدة 90 جيجا و الشبكة ضعيفة,1,dataset_2,0
يا ناس هذه الغروض لا يتجاوز صبيب الانترنيت فيها أقصى من نصف ميڨا 0.55 ميڨا 😢😢😢😡 انصحكم بمقاطعته,1,dataset_2,0
الله لا تربحكم يا السراقين ديرولنا حل نرجعو لعرض بيكس الا مكانش الواحد يبدل المتعامل,1,dataset_2,0
عرض فاشل,1,dataset_2,0
مزالكم تسرقو خمسعلافات ول,1,dataset_2,0
ديرونا حاجة تاع خمسين الف ولا اقل رانا مشومرين,0,dataset_2,1
سكمو الانثرنث تاعكم امبعد ساهل 😏😏,1,dataset_2,0
"اخمج متعامل الهاتف في بلاد سكوبي, سرقة موصوفة",1,dataset_2,0
كونكسيون تاعكم صفر على ربعين.,1,dataset_2,0
فيس مجاني بعد انتهاء ال90 جيجا يعني استغباء لناس المتسرعة,1,dataset_2,0
عرض خاص بالسرقة المقننة,1,dataset_2,0
Réseau khorda,1,dataset_2,0
اكتيفاسيو تع 1000دج خير 13جيغا منيش نخسرهم غير للواتساب اما الفايسبوك مجاني وكنكسيو الحمدلله تمشيلي مليحة,2,dataset_2,2
شكرآ موبيليس🙂,2,dataset_2,2
شكرا موبيليس هاذا عرض سما نت تاع 1500 دج راه موالمني راني نتفرج بيه كامل افلامي ونلعب بيه اونلين صح رمضانكم,2,dataset_2,2
Une connexion catastrophique depuis 14h 👿,1,dataset_2,0
عرض جيد جدا جدا,2,dataset_2,2
نخلصو كل شهر لالين والكونكسيو مكانش خلاص,1,dataset_2,0
كيف انزع عرض سما,0,dataset_2,1
ك ناكتيفي pixx 1000 في رمضان شحال تمدو جيغا,0,dataset_2,1
شريت شريحة موبيلس نتاع ست اشهر بصح مكانش خلاص مانقدرش نتفرج فاليويتوب ولا فايس بوك لماذا 🤔,1,dataset_2,0
كونيكسيو عندي 3 ايام ملي درتها و راحت,1,dataset_2,0
2022و ماكاش تافيشي 4gو نزيد نشري بيس سڨمونا كونيكسيو خليكم من قوادة,1,dataset_2,0
ولاوين كونترول أين عروضهم ؟,0,dataset_2,1
ريڨلو الرزيو مالكم,1,dataset_2,0
لا سما ولا هم يحزنون سقموا كونكسيون تاعكم يهديكم ربي مع رمضان هذا,1,dataset_2,0
نتمنا عروض أفضل!,1,dataset_2,0
وش فايدة هذا العرض والريزو زيرو؟,1,dataset_2,0
عندي خلل في المنطقة لي ساكن فيها تدفق 4G و3G ضعيف جدا,1,dataset_2,0
تحسن ملحوظ فالعروض,2,dataset_2,2
الانترنت ضعيفة جدا,1,dataset_2,0
لازم التركيز يكون على الميزات الأكثر أهمية كتحسين جودة الأنترنت في المناطق القليلة التغطية,1,dataset_2,0
يجب تفعيل خدمة الرجوع من عرض سما الى بيكس,0,dataset_2,1
كيفه نحكي نغمتي,0,dataset_2,1
كيفاش نعرف الرقم السري تاع الفليكسي,0,dataset_2,1
ولله فلكست 100تلف عطوني 30 عاود قلولي بلي عطوني 13🥺 وراني جيت لي خاص جوبني🥺,1,dataset_2,0
لي كانت عندهم 20 ميقا طلعت 50 ؟؟,0,dataset_2,1
ديرولنا الانترنت و ساهلة,1,dataset_2,0
وشمن تطلع ريقولنا تدفق لي رانا مخلصينو ومن بعد ساهل,1,dataset_2,0
واش يلزم باش نطلع débit من 10الى 15 ميڨا,0,dataset_2,1
وعلاه حنا مخلصين 20 ميغا وتوصلني غير 13 ميغا,1,dataset_2,0
ولا كونيكسيو لي راهي تروح؟؟ 🙂🙄,1,dataset_2,0
لقد وقعنا في الفخ,1,dataset_2,0
قالك كي ترفع التدفق يزيدولك 1000,2,dataset_2,2
ديرولنا عروض افضل,1,dataset_2,0
بيكسس افضل عرض,2,dataset_2,2
ريلقو الريزو,1,dataset_2,0
الله يعطيكم الصحة وشكرا بعد التدبدب اصبحت ولاية بشار احسن تغطية بتدفق عالي شكرا موبليس,2,dataset_2,2
ديرولنا حل باش نرجعوا لبيكس pix علاه منقدروش نرجعوا للعرض الاولي علاه ملزمين نبقاو في سما,1,dataset_2,0
وش نديرو ب 90 جيغا؟ و ما جي تخرجلك تصويرة ولا فيديو حتى طفي و تشعل كاش 4 خطرات,1,dataset_2,0
ههه 90 جيڨا شكرا موبيليس ملي شريتك ولا واحد ما يحكمني نهار كامل وانا مفورصي 4G,1,dataset_2,0
حسنو الشبكة تاعكم وامبعد اهدرو على العروض,1,dataset_2,0
افضل عرض,2,dataset_2,2
مالفائدة من العروض مدام التغطية جد ضعيفة مقارنة بالشبكات الأخرى,1,dataset_2,0
افضل لهذا العام هو same من mobiles,2,dataset_2,2
الله لا تربحكم لي جيقا فضولي غي سمانة 😏😏,1,dataset_2,0
يهديكم ربي ريڨلو لكونكسيو راهي ماتمشي والو لجيڨاا ماعندنا منديرو بيهم 😡😡,1,dataset_2,0
الانترنت عيانة ولات في سمانة خلاصت سمحولي رجعولنا لقديمة هادي عيانة,1,dataset_2,0
انترنت 👎👎,1,dataset_2,0
بصح الانترنت ضعيفة,1,dataset_2,0
يلحق الليل تولي تزحف سرعة الانترنت تاعكم....,1,dataset_2,0
اسوأ أنترنت هي موبيليس وشكرا على كذبكم,1,dataset_2,0
الشبكة تقريبا منعدمة في بلدية عين السخونة ولاية سعيدة 3 سنوات ونحن نتواصل معكم عبر وكالاتكم ولا جديد للذكر,1,dataset_2,0
ائع العرض جدا✨😍👍😘,2,dataset_2,2
ريقلو ريزو والحال ساهل,1,dataset_2,0
سڨمو ريزو تاعكم بركاونا متمسخير,1,dataset_2,0
هك مليح اخيرا فهمتونا,2,dataset_2,2
حسنوا تدفق الإنترنت اولا ومن ثم تكلموا عن الخدمات,1,dataset_2,0
Bghyt nsa9sikom 3lah cnx raha n9sa fiha wlh hbltoni min raj3tha sama krahtoli hyti,1,dataset_2,0
الإنترنت بطيئ,1,dataset_2,0
والله عيينا ياموبليس كونكسيون ثقيلة دراهمنا راحت باطل حسنو لينا الانترنت,1,dataset_2,0
موبيليس وكل يكونكتي ..❤️❤️,2,dataset_2,2
اروع عرض على الاطلاق,2,dataset_2,2
حياتي كاملة متخلاصش 90 جيغا بصح التغطية 00,1,dataset_2,0
يعطيكم صحة شكرا,2,dataset_2,2
موبليس أول شركة سارقة وكاذبة في الجزائر,1,dataset_2,0
الله يحفظكم عرض جد ممتاز عن تجربة شخصية,2,dataset_2,2
ديرو حل للكونيكسيو نتاعكم 60 ولاية كامل تعاني ولا حبسو جدها كامل,1,dataset_2,0
ريقلونا الكونكسيو اودي,1,dataset_2,0
سرعونا⁦✈️⁩⁦🛩️⁩ شويا الأنترنت⁦♟️⁩راهي ثقيلة 🙃🐢🐢🐢,1,dataset_2,0
الانترنت ضعيفة منعدمة,1,dataset_2,0
تحيا موبيليس pixx 😊😊😍🌹 Sama غي شكلة,2,dataset_2,2
الانترنات بطيئة عصر حجري,1,dataset_2,0
يا ودي عرض سيما ماعجبنيش انترنات تخلاص ليه ليه ادا بغيتو ربي ردوهالي بيكس ماحبتش توالي وندمت لا رديتها سيما,1,dataset_2,0
ريڨلونا الكوناكسيو يهديكم ربي,1,dataset_2,0
ريزو حالة الله يهديكم يا موبليس,1,dataset_2,0
زعما متقدروش التزودولنا انترنت في لبلاد راه من عدمة,1,dataset_2,0
مشكل التغطية بشبكة الهاتف النقال موبيليس وكذا الأنترنات ببلدة الزوالية بلدية سيدي عمران دائرة جامعة ولاية المغير رغم العديد من المراسلات.,1,dataset_2,0
ل شهرين تبعثولي ميساج باش تحبسولي لابيس المشكل هنا مكانش ريزو موبيليس في زموري دايما الاشارة مشطبة تع موبيليس ديرو انتان هنا الماتريال ديالكم راه هنا عندنا في الغابة من ذاك العام ماسطليتوهش وتحوسو تكوبولي لابيس,1,dataset_2,0
ياهند كونكسيو عندي ثقيلة لبارح وين أكتفيت بصح مكان والو,1,dataset_2,0
أعطينا حقنا في التدفق، راني نخلص من دون استفادة من الأنترنت,1,dataset_2,0
ههههه ياو الريزو و معدناش احوجي طاح لنتيل من الريح من قبل رمضان ولضرك رانا بلاش,1,dataset_2,0
عندنا مشكل في زلفانة لا توجد تغطية منذ حوالي أسبوعين,2,dataset_2,2
شكرا موبيليس فووور 🌹,1,dataset_2,0
رڨلو ريزو من بعد ساهل,1,dataset_2,0
على ريزوكم الزين,1,dataset_2,0
ريقلو ريزو برك,1,dataset_2,0
ممكن تحسين الشبكة راهي متصلحش طول,1,dataset_2,0
كونيكسيون راها ثقيلة ف الارهاط,1,dataset_2,0
يا زحي هلكتونا كل ما نفليكسي يسرقولي نصها,1,dataset_2,0
جربتها ومدولي2جيغا,2,dataset_2,2
أحسن شريحة في الجزائر,2,dataset_2,2
ريقلو ريزو تاعكم مبعد ديرو عروض 😡,1,dataset_2,0
كونيكسيو عيانة,1,dataset_2,0
"Sama, Solde 25,01DA,Sama Mix 1000 9Mo valable au 06/05/2022, Bonus 1.980,00DA valable au 06/05/2022 سمانة تخلاص 😱 كاريثة",0,dataset_2,1
ديرولينا حل جيغا راه تهرب بالخف,1,dataset_2,0
نشكركم على المعاملة ولكن عندي مشكل فيما يخص اشتراك لاوين كونترول حاليا انا بدون انترنت واعادة التعبئة تكون في 24 من شهر أفريل اريد حلا وليكن في علمكم ان 13 جيڤا تخلاص بسرعة اريد من سيادتكم ان تضاعفو لنا كمية الأنترنت للاستفادة أكثر وزرع المحبة وتعزيز الثقة,1,dataset_2,0
الله يهديكم ليجيغا راه يروحو بلخف خافو ربي,1,dataset_2,0
رانا نعانوا مع هاذ الانترنت والله مكان التدفق والمشكل نسكن قدام العمود تع الريزو يعني المشكل من عندكم 🥲🥲🥲🥲,1,dataset_2,0
لماذا لا توفرون عرض 1500دج في بيكس لماذا ترغمون الزبائن للتحويل بطريقة غير مباشرة من بعد تقل استحالة العودة الى العرض السابق لماذا كل هذا الشجع هذا ان دل دل على طمعكم وجشعكم لنهب جيب الزبون نورمالمو الزبون عندو حرية التنقل بين العروض وغي ديرو عليهم رسم اسيدي خلونا حرية تنقل عبر العروض والا سوف اقوم بجمع استمارات واشكوكم الى سلطة الضبط,0,dataset_2,1
شكرا على هذه الخدمة والريزوا مليح مفيه حتى مشكل,2,dataset_2,2
موبليس مليحة,2,dataset_2,2
عدنا ريزو يروح العصر ويرجع مع الفجر ربي يهديكم ياك نخلصو علاه ديرونا هاك وزيد على ذالك متصفح ما يمشي Netflix ما يمشي وبزاف ابليكاسيو ما يمشوش علاه هذا المنكر ربي يهديكم,1,dataset_2,0
احسن شريحة موبليس 🔥👏,2,dataset_2,2
اووو ريڨلووو ريزو يرحم والديكم لواحد أو صائم رايحين تفطروه,1,dataset_2,0
عرض هايل أنا الإنترنت خلاصتلي في شهر سوواسوا,2,dataset_2,2
وانا ماكتيفي. علاش هذ التقطعات في النت,1,dataset_2,0
غي ريقلونا ريزو برك,1,dataset_2,0
هل ريقولنا الريزو ومبعد,1,dataset_2,0
مليح,2,dataset_2,2
50جيغا و ماتكملش شهر ندير عليكم يليق مليون و ياربي و كونيكسيو مرض تقول رانا نطلبو عليكم طورو رواحكم شويا 3G وماراهيش فل مستوى مابالك 4G,1,dataset_2,0
راو اليرزو رايح تاع الانترنت من اسبوع,1,dataset_2,0
موبيليس نتوما فووور,2,dataset_2,2
😒😒😤قوي كونيكسيو,1,dataset_2,0
شكرا لكم بالتوفيق ان شاء الله,2,dataset_2,2
لوكان ريقلتو كونكسيو ماشي خير يوم ما تبقاو وحدكم في حقيقة انا ومشتركي راعي رسمي للمنتخب خدامات جد ضعيفة,1,dataset_2,0
علاه راكم تسرقو فهموني,1,dataset_2,0
علاش الكونكسيون رجعت تخلاص تم تم 🤔,1,dataset_2,0
تاكتيفيها من تخلاص من ما فهمنا والو,1,dataset_2,0
رجعولنا pixxسما انترنت تاعها ثقيلة وتخلص بي الخف وفوق هذا نعمل كود تاع رونفوا ميلحقش ميساج,1,dataset_2,0
اكبر خطأ نزعتم المكالمات المجانية مع موبيليس في عرض الانترنت، كل المتعاملين يشجعون الاتصال مع شريحتهم الا موبيليس وقعت في هذا الخطأ,1,dataset_2,0
يا موبيليس اي الكنسيو تروح من ورا 7 تاع العشية يبقى يمشي غير الفيسبوك . ديرولنا حل رانا كرهنا,1,dataset_2,0
لا تغطية لا شبكة بوغزول المدية,1,dataset_2,0
ريكلو الريزو والكونيكسيو تاعكم. راكم كرهتولنا حياتنا,1,dataset_2,0
علاش مكانش كونيكسيو 😡,1,dataset_2,0
غير ديرو تدفق عالي كيما الناس و مبعد احكيو على العروض 😏😏,1,dataset_2,0
في هذه للحظة قمت بتفعيل شريحة سيم سما مباشرة دون تحويل الشريحة القديمة بيكس الثمن 40 الف بها 10 الاف هدية الان عندي 30 جيقا بدل 13 في بيكس با 100 الف شكرا موبيليس,2,dataset_2,2
والله تقريب من 10 تع الليل حتى لتقريب 8 صباح وانا نتفرج في اليوتيوب نقصتلي غير 1 ونص جيق,2,dataset_2,2
عندي عرض Sama net 1000فديو (فايسبوك مجاني) ماراهش يتمشى,1,dataset_2,0
ريڨلونا الكونيكسيو تاع المودام ومبعد اهدروا,1,dataset_2,0
ياو رجعونا العرض الأول ولا أعطونا حرية الإختيار بين العرضين,1,dataset_2,0
مديريش عرض سما درتو و ندمت 🤬🤬,1,dataset_2,0
تحيا لابيس موبيليس توب 4G,2,dataset_2,2
مليحة سما,2,dataset_2,2
ديرها منا تخلاص من,1,dataset_2,0
هدرة قليلة,1,dataset_2,0
الله لا تربحكم اكتيفيت نتاع 100الف انترنت سما نورمامو تكمل في 30يوم كملت في 12يوم ههههه,1,dataset_2,0
العرض سما لي عيان,1,dataset_2,0
ياكنيكسيو ناقص ياالهظرة قليلة والله كرهنا منكم 😠,1,dataset_2,0
خيان دترها 10 ايام كملت ما درت بيها ووالو عادا فيس تكمل بلخف,1,dataset_2,0
بصح في 10 أيام تخلاص الكونكسيو و المشكل الفايسبوك هو لي ياكلها,1,dataset_2,0
سرعة الانترنت عندي في وسط مدينة قسنطينة لا تتجاوز 1 méga تقيلا جدا وراني بدلت الاعدادات كما قلتو كيف كيف,1,dataset_2,0
اودي ريقلونا كونكسيو عندها سمانة مكاش قاع 🙄🙄,1,dataset_2,0
تخدم دقيقة تروحلك 2 جيغا,1,dataset_2,0
بصح ريزو فيها ثقيل ماشي كيما pixx,1,dataset_2,0
هناك خلال كبير في تدفق الأنترنات,1,dataset_2,0
والله اكبر فخ هذي شريحة سما سرقة ديراكت,1,dataset_2,0
الريزو عندو 4/5 ايام ثقيل,1,dataset_2,0
4G marahich kayna segmouha rahi tetla3 ghi 3G w t9ila en plus 😑,1,dataset_2,0
الله لا تربحكم,1,dataset_2,0
60 جيڨا تروح لك في 15 يوم,1,dataset_2,0
ريزو ناقص🤣,1,dataset_2,0
عرض جيد👍👍👍♥♥,2,dataset_2,2
وكونيكتي شعر 🙄,1,dataset_2,0
ريزو مكانش اكثر من 4سنوات ونحن على هذه الحال,1,dataset_2,0
وش لي تهواه رانا اكثفينا عرض سماميكس100الف كي خلاصو 15Go مقدرتش نكونكثي فيس ومسنجر ياك قلتو ايليميثي 😵‍💫😵‍💫😵‍💫 ها حلولي مشكل تعي ولا نكسر puc,1,dataset_2,0
و حنا جماعة لاوين حاقرنا عرض 13 جيجا بسعر 130 الف 😡😡😡😡,1,dataset_2,0
60Go trou7 f 15 jour 😏,1,dataset_2,0
سقمولنا الكونكسيون خاصة 3g,1,dataset_2,0
الانترنت تخلاص بالخف 😔,1,dataset_2,0
تعطونا60go صحا مليها,2,dataset_2,2
ملي رديتها سما ولا تخلاص بلخف,1,dataset_2,0
خير كبير الله يبارك,2,dataset_2,2
تحيا top4G من ناحية انترنات غير محدود ❤️,2,dataset_2,2
ربحنا واحد فيها براكة مناش قادرين نزيدو نلعبو كثر خيركم,2,dataset_2,2
نا صح والله راجلي ربح واحد عندو واحد الشهرين هكاك شارك العام لي فات وحنا من قسنطينة رحنا لاجي وجبناه واني نكونيكتي بيه ضرك,2,dataset_2,2
ماتسرقولناش غير الكريدي وماسحقيناش هدايا منكم,1,dataset_2,0
موبيليس ماقريبش تبدلوا لبوطو تاع ريزو في دائرة أولاد سي سليمان باتنة درتوه في عام الفيل دك ولا إكتضاض سكاني ولينا نكونيكتيو بدالة يابنعمي 20 كيلو بايت فليل في وقت الذروة هاسڤمولنا لبلاد علاش راكم تهبلو فينا شركة كيما موبيليس تخلي الزبائن تاعها يعانو 😑 وعلاش ماتلبوش رغبات المواطن وتجو تضربو طلة وتشوفو واش خص الناس علاش ديما مخلين دعوة هاملة ياك رانا نخلصوكم اعطونا خدمة شبه جيدة ماقلنالكمش اعطوهالنا جيدة,1,dataset_2,0
ياموبيليس يرحم والديكم ريقلو ريزو نتاعكم رآه في يومين مكانش,1,dataset_2,0
ليوم برك راني راضي عليكم يا موبيليس ، نقلكم صح فطوركم,2,dataset_2,2
احسن عرض من احسن شركة ... شكرا جزيلا لكم,2,dataset_2,2
شكرا موبيليس♥️♥️♥️,2,dataset_2,2
"Mobilis وفقكم الله و دمتم راعين ويسر لكم سبل الفلاح ""مشكورين""",2,dataset_2,2
كل ما نلها نلقا ليزينيتي طاارو فسما وشكرا 🙂,1,dataset_2,0
نهار تسقمو تدفق النت عيطولي,1,dataset_2,0
شكراااا,2,dataset_2,2
شكرا لكم,2,dataset_2,2
ربي يبارك فيكم جميعا على المجهودات الجبارة والإلتفاتة الطيبة,2,dataset_2,2
صحيتو,2,dataset_2,2
شكرا اوريدو نتمنى لك التوفيق ✌🥀,2,dataset_2,2
بيس مليحة,2,dataset_2,2
ولله هي مليحة,2,dataset_2,2
رائع 😎,2,dataset_2,2
شكرا ooredoo,2,dataset_2,2
انترنت رديئة منعدمة أسعار خيالية انترنت محدودة عروض قديمة على العهد الطاباشوري,1,dataset_2,0
ناس لي تقول مكانش مصداقية انا ربحت كارطة تاع 2000 دج. بعثوهالي ليوم,1,dataset_2,0
2Gمكانش منها لي مدو فيها,1,dataset_2,0
انا ريزو موبيليس معنديش خلاص,1,dataset_2,0
هل لا تزال الشريحة نافيڨي متوفرة في نقاط البيع؟,0,dataset_2,1
عندكم الكونكسيون ثقيلة ياسر في أم البواقي كاين بلايص منعدمة الشبكة أصلا,1,dataset_2,0
كونكسيون ميتة,1,dataset_2,0
عندي انترنت ثقيلة,1,dataset_2,0
افضل شركة اتصالات في الشرق الأوسط وشمال افريقيا,2,dataset_2,2
موبيليس ريزووو مكانش 00000,1,dataset_2,0
أودي سڨموا غي كونيكسيون كي لجناس و مبعد ساهل,1,dataset_2,0
الريزو قوي الله يبارك عندي 4g صاروخ موبيليس هي الاقوى الله يبارك,2,dataset_2,2
انا عجبتني mobilis,2,dataset_2,2
الله يبارك,2,dataset_2,2
أفضل متعامل موبليس الله يبارك شكرا لكم ⁦❤️,2,dataset_2,2
أكبر حشوة هي انك تحولها للسما 🤮 تخلاصلك في 10 ايام سريقة ديراكت,1,dataset_2,0
درتها لكن والله غير خلاصت بسرعة فائقة !!! تخلعت و الله !!!,1,dataset_2,0
أسوء متعامل,1,dataset_2,0
موبيليس و الكل يكونيكتي,2,dataset_2,2
كونكسيون مكانش خلاص تقول مفليكسيا بدراهم لحرام واش هادا,1,dataset_2,0
Mobilis شكرا,2,dataset_2,2
30جيقا في اسبوع 🤦‍♂️راحت,1,dataset_2,0
سما 💪💪,2,dataset_2,2
احسن عرض هو سما ❤️🔥 شكرا لجهودكم في تحسين خدمات الانترنت,2,dataset_2,2
أنا راه عاجبني,2,dataset_2,2
العرض لاباس بيه,2,dataset_2,2
"أنا قبل ما ندير العرض تأثرت بتعليقات الناس لكن قلت نجرب باش نحكم وفعلا جربت ولقيتو أحسن حاجة دارتها موبيليس"" 🌺",2,dataset_2,2
سبحان الله العرض عجبني مديت رايي تحوسوني بالسيف نقول ماعجبنيش ولا ما ترضاوش عني !!! لا حول ولا قوة إلا بالله,2,dataset_2,2
ساما ميكس فيها عروض احسن,2,dataset_2,2
الكنكسيو والووو,1,dataset_2,0
درت العرض هذا ملحقتش 15.يوم خلاصت 30 جيغا اني ندمت ذرك,1,dataset_2,0
لكونيكسيوا زيروووووااا .. 0 .. كي 4g كي 3g سبحان الله واقفين تحت لاقط الشبكة .. l'antenne ماتقدرش تتفرج حاجة الااااز تمشي وتحبس . ياك نخلص بدراهمنا زيدوا شوي في قوة تدفق الانترنت,1,dataset_2,0
وو صحيتو موبيليس تهليتو فينا هاد الخطرة,2,dataset_2,2
pix600 الف 6 اشهر الانترنت تاعها غير محدود يعني كي يخلاصو الجيغات تكمل تكونيكتي نرمال,0,dataset_2,1
عرض سما مليح🤍😅,2,dataset_2,2
عرض سما مليح,2,dataset_2,2
هذ الخدمة تاع الانترنيت الباهية راكم اضعف شركة في الحزائر,1,dataset_2,0
سما=الفخ,1,dataset_2,0
حسبنا الله ونعم الوكيل فيكم,1,dataset_2,0
عرض في بيس مبتسم 4G عند ب 500 دينار يعطوني شهر انترنت غير محدود هي يعطوني 1 جيڨا كي تخلاص ينقص تدفق الانترنت مي تقعد غير محدودة و 1000 دينار هدرة بلا ما يدوا 500 دينار هذيك و نقدر نحولها لعروض اخرى و نرجع كيما نحب,0,dataset_2,1
بدورنا كل جمهور الشبيبة الذي يملك شريحة عند الشركات الاخرى سنتحول لموبيليس,2,dataset_2,2
بالتوفيق و النجاح إن شاء الله,2,dataset_2,2
موبيليس الاحسن على الاطلاق,2,dataset_2,2
يرحم والديكم سقمولنا الريزو تاعكم راه مرضنا رانا غير نفليكسو باطل . لا كونكسيو مليحة لا والو وفرولنا خدمة 4G,1,dataset_2,0
بارك الله فيكم,2,dataset_2,2
يحيا الجيزي,2,dataset_2,2
الحمد لله ما عنديش موبيليس,1,dataset_2,0
ياو هلكتونا كنكسيو يومين مكاش . راعيو قبل الزبائن تاعكوم أمبعد ساهل,1,dataset_2,0
3ich la vie m3a mobilis,2,dataset_2,2
من بكري ليزوم,2,dataset_2,2
شكراً لكل أعضاء شبكة موبيليس,2,dataset_2,2
وفرو الريزو برك ومن بعد زيدو القدام,1,dataset_2,0
بلدية الكريمية ولاية الشلف الكونيكسيو تجي نص ساعة و تروح ساعة ها فهمو رواحكم مع العلم كل الشبكات عندها 4g معنتها نبدلو نورمال ماشي مشكل,1,dataset_2,0
ماهو أفضل متعامل للهاتف نقال📲 في الجزائر🇩🇿 من خلال عروض ( مكالمات📞 وانترنت🌍) وتغطية📶🆗 موبيليس طبعا,2,dataset_2,2
غدوةونشري موبيليس لعزيزة,2,dataset_2,2
Ghedwaa nechri la puce 🎴 ta3koum,2,dataset_2,2
وشبيها لاكنكسيو عندها 3 ايام راهي شبه منعدمة .,1,dataset_2,0
اليوم لعشية باش تحسنت شوي,2,dataset_2,2
من البارح مساءا حتى ظهيرة اليوم كانت منعدمة حاليا لابس,2,dataset_2,2
موبيليس يا دولة,2,dataset_2,2
.تاكلو في دراهمنا على لاندية الفاشلة,1,dataset_2,0
Moooobbbiiillliiisssss nrouma foort💚💚💚💚,2,dataset_2,2
Merci mobilis 💚💛🔥,2,dataset_2,2
الافضل للافضل 🧣🧣🧣🧣🧣,2,dataset_2,2
مكانش لا ريزو لا كونكسيو,1,dataset_2,0
بالتوفيق انشاء الله,2,dataset_2,2
Excellente initiative pour ATMOBILIS,2,dataset_2,2
درت عرض سما معجبنيش,1,dataset_2,0
Beaucoup de succès et de réussité Inch Allah,2,dataset_2,2
ريڨليونا الريزو ومن بعد دبرو رسانكم,1,dataset_2,0
موبيليس افضل متعامل في العالم,2,dataset_2,2
ريكلو الريزو,1,dataset_2,0
ردو عليا في الخاص,0,dataset_2,1
علجال هادي نشري بولس موبيليس,2,dataset_2,2
موبيليس وتحلى الحياه,2,dataset_2,2
صوردنا في مهب الرياح نفلكسي نمشي كسلحفات,1,dataset_2,0
Les Hommes,2,dataset_2,2
انا لي نمشي دوبل بوس موبيليس شراكة ستعود بالفائدة للطرفين,2,dataset_2,2
ياخويا شوف الانترنت واش بيها ضعيفة,1,dataset_2,0
ندوروها موبليس وخلاص,2,dataset_2,2
Vive mobilis,2,dataset_2,2
احبك في الله موبليس,2,dataset_2,2
"Vive JSK , vive Mobilis ✌️",2,dataset_2,2
Cnx mkanch !,1,dataset_2,0
Merci mobilis vive JSK,2,dataset_2,2
تحيا موبيليس تحيا الشبيبة القبائل 😍,2,dataset_2,2
غدوة انشاء الله نشري بيس موبيليس 💛💚,2,dataset_2,2
أجمل مافي mobilis أنها تعتمد على اللغة العربية ولا تحافظ على ثقافة فرنسا مثل باقي الصفحات شكرا كل الشكر أغنى اللغة هي العربية وبالتوفيق الى الشبيبة,2,dataset_2,2
شبيبة القبائل ترحب بموبيليس كلنا موبيليس,2,dataset_2,2
Mrc,2,dataset_2,2
Tahya Mobilis mn bakri bonne courage,2,dataset_2,2
Vive mobilis vive jsk Vive les Kabyles 👉🔰👈,2,dataset_2,2
سأرمي شريحتي و اشتري موبيليس,2,dataset_2,2
Vive jsk vive mobilis,2,dataset_2,2
Talmirt Mobilis 💚💚 💛💛💛 #Vive_JSK #merci_Mobilis💚💚,2,dataset_2,2
موبيليس دائما معنا 💪🇩🇿💚💛,2,dataset_2,2
Le resaux Mobilis d'Alger ça marche pas,1,dataset_2,0
Merci mobilis,2,dataset_2,2
Merci Mobilis vive la JSK ✌️,2,dataset_2,2
اسي وخذوني 10الف لي نفلكسها تروح,1,dataset_2,0
براك الله فيك عمو موبيليس,2,dataset_2,2
مالا ندوروها موبيليس 💚💛,2,dataset_2,2
كلنا موبيليس,2,dataset_2,2
مرحبا موبيليس 🔰 غدوا نشري شريحة تاعكم 🇩🇿,2,dataset_2,2
أفضل متعامل,2,dataset_2,2
غدوة نشري شريحة موبيليس 😁,2,dataset_2,2
موبيليس احسن شركة اتصالات في العالم,2,dataset_2,2
الله حفظك موبيليس درتي حاجة عضيمة في عالم التكنولوجيا واصلي,2,dataset_2,2
كل الاحترام و التقدير للسيد.طاهر شعلال رجل الخفاء متشرفين بكم موبيليس,2,dataset_2,2
تحيا موبيليس معا الى الامام,2,dataset_2,2
موبيليس افضل كونيكسيون في العالم 💪💪,2,dataset_2,2
تم التحول الى موبيليس ينجاح 😅😅 زكارة فأوريدو,2,dataset_2,2
تحيا موبيليس . كثرولنا برك les Bonus ou Connexion,0,dataset_2,1
حاب نحبس اشتراك معكم لان خدماتكم سئي واذا ولايات الجنوب جميع موطنيها لديهم اشتراك مع موبليس الان شركة لم تقدم شئ كمقابل لهاته الولايات كمثال مساهمة في تشيد مستشفى او صرح ترفيهي أو دعم الفرق المحلية,1,dataset_2,0
مشكور عمي موبيليس,2,dataset_2,2
موبليس عقلية البايلك و سوق الفلاح تاع البكري ، يأخذوا أموال الشعب و يخدموا بتشناف ، لماذا المؤسسات التي تعيش من ظهر الشعب دائما لا تحترم هذا الشعب ، موبيليس ، الضمان الإجتماعي ، بريد الجزائر و الكل المؤسسات التي تنهب من الشعب و الدولة ترعاها ماليا في حال أفلست,1,dataset_2,0
لماذا لا ترعون المدارس المدارس القرآنية ، ترعون الفرق لكي يصهروا بالأموال في الملاهي,1,dataset_2,0
ممكن حل لمشكل خدمة سلكني,1,dataset_2,0
على وجه ربي سقمولنا الريزو اني كرهت,1,dataset_2,0
Mobilis اخي انا نسكن في مدينة بوينان راهي المدينة كامل تعاني من نقص شبكة موبليس نحوسو على حل,1,dataset_2,0
حسنو خدمة الانترنت الزبون كره,1,dataset_2,0
دون نقاش وحوار غدآ سوفى أشتري شريحة موبيليس 🔥,2,dataset_2,2
مع موبيليس 😉كونكنتي باطل 50 الف لشهر top 4 G,2,dataset_2,2
شريحة سما خردة بالكم منها سرقة بام عينها,1,dataset_2,0
J'invite tous les supporters de la JSK à acheter Mobilis !,2,dataset_2,2
شكرا على 2 G ✌️🙂,2,dataset_2,2
موبيليس الريزو وراه يروح !,1,dataset_2,0
موبليس عالجونا المشكل رانا نعانيو لا ريزو لا كونكسيو,1,dataset_2,0
لريزو انقطاع تام منذ البارح بوجود الرياح الشعب راه في غبينة😂كحلة,1,dataset_2,0
شكرا لخدماتكم وفيتم وكفيتم,2,dataset_2,2
و الله في خمس سنوات معانات ليومنا هادا المشكل اني ساكن في وسط المدينة و لا حياة لمن تنادي,1,dataset_2,0
يا موبيلبس ديرونا كود تحويل الى سما خلونا من تخلف تعكم قالك روح لمركز الخدمات يديرولك تحويل!,1,dataset_2,0
الريزو راه كارثي في العاصمة شرق في الدار ماكانش وكي نخرج لزنقة طالع الريزو,1,dataset_2,0
سڨموا الربزو من بعد شاركوا 😏,1,dataset_2,0
التوفيق ان شاء الله شكرا لكم,2,dataset_2,2
رانا نخلصو بصح الكنكسيو مكاش هدي ميش خدمة,1,dataset_2,0
Réglolna la cnx bark 😡😡😡😡😡,1,dataset_2,0
موبليس صحيتو على 2جيغا مهداه ان شاء الله دائما ف ريادة,2,dataset_2,2
وينها سهرة نقصتو في تدفق انترنيت. الله يهديكم,1,dataset_2,0
ميهديكمش ربي وتنحو علينا عرض سما هذا ولا ترجعونا لعرض لقديم,1,dataset_2,0
ايعقل في دائرة عين اميناس دائرة اغلبها قواعد حياة لعمال الشركات البرترولية وثكنات عسكرية اغلب قاطينها لديهم اشتراك شهري في خدمات موبيليس والخدمات شبه منعدمة ....اهكذا يتم معاملة الزبائن من قبل المؤسسات الاقتصادية ؟!,1,dataset_2,0
ملقيت واش نقول كونيكسيون تخرجك من رحمة ربي تقول تمدو فيها بالمعريفة ولا تقطرو فيها بالقطرة,1,dataset_2,0
السلام عليكم راه كاين مشكل في تدفق الانترنات وانشاء الله تحلوه في اقرب وقت,1,dataset_2,0
شكرا لكم على هده الرعاية ولمثل هكدا برامج ، دمتم سالمين ♥️🌷🌷,2,dataset_2,2
الله يبارك في موبيليس,2,dataset_2,2
من احسن المبادرات..في رمضان,2,dataset_2,2
موبيليس علامة الجودة,2,dataset_2,2
شاركونا قليلا من التغطية في القرارة غرداية .. رانا بدون تغطية و تعطلت مصالحنا …,1,dataset_2,0
شكرا لقد وصلت الهدية 2جيغا,2,dataset_2,2
والله يا موبيليس بسبب تدفق الانترنت الضعيف تاعكم رجع كل المشتركين تاعكم من ذوي الاحتياجات الخاصة,1,dataset_2,0
سما خدمة جيدة,2,dataset_2,2
لم استطع إعادة تعبئة رقمي وهذا طبعا بعدما حولتم رقمي من عرض مبتسم الى سما آليا وبدون أن أطلب ذلك,1,dataset_2,0
نقعدو نشريو غير في ليبس ونبدلو فيهم ديرو عروض في لابيس لي عندنا وفقط,1,dataset_2,0
ريزو راه ضعيف فلمنيعة بلايص مكانش قاع رانا نخسرو دراهم باطل,1,dataset_2,0
جيت نحولها لسما راح الريزو وراحت الكونيكسسون مانعرف حتى الكومونتار يعدي ولا لا,1,dataset_2,0
بعد ماخسسرتوني في 1000 دج وحدة اخرى نوكل عليكم ربي برك جيت نحول العرض تاعي لعرض سما نحيتولي لاكتيفاج تاع شهر وانا عندي نهارين منين اكتيفيت 1000 روحت نشكي في لاجونس قالولي مكانش تعويض عاود فلكسي 1000دج وحدة اخرى وفرات,1,dataset_2,0
عرض سيء جدا طريقة التحويل الى العرض الجديد خاطئة عليكم بتفعيل خدمة الرجوع إلى العرض السابق,1,dataset_2,0
تبقى الخدمة سيئة تدفق صبيب الانترنيت لديكم ضعيييف جدا رغم انها عروض ممتازة لكن المشكل يبقى في الشبكة راكم مهملينها بزااف,1,dataset_2,0
ياريت تحسين الشبكة والتغطية بالجيل الرابع خاصة على مستوى المناطق النائية,1,dataset_2,0
كونكسيو مكانش كيفاه نديرو لعروض 😏,1,dataset_2,0
عرض جيد,2,dataset_2,2
نحتاج إلى تغطية قبل العروض ،طرحنا انشغالنا ولازلنا ولكن دون جدوى,1,dataset_2,0
للاسف الانترنت تصبح غير مستقرة في شبكة موبيليس اثناء الفترة الممتدة من المساء الي غاية منتصف الليل حتي مع وجود تغطية جد جيدة يبقي المشكل عويص,1,dataset_2,0
3adlo reseau,1,dataset_2,0
حولت من موبتسيم لعرض سما اديتولي 1000 دج كريدي خارج الوطن هذا واش اسمه,1,dataset_2,0
عرض ماشاء الله,2,dataset_2,2
سقمو الكونكسو,1,dataset_2,0
حسنو من نوعية الخدمات والباقي ساهل ووفرو التغطية اللازمة,1,dataset_2,0
فلكسية 1000 لبارح ليوم قيتها 748 واين رحو معلبليش ☹️ فهمونا درك نفلكسيو باه تسرقونا 😠,1,dataset_2,0
سقدو ارواحكم مع ريزو نتاعكم وزيدو فتدفق رانا نعانو. صراحة وليتو تعيو بدينا نعيفو خط نتاعكم . وقلو مسريقة فلفاتورات,1,dataset_2,0
اكبر خدعة دارتها في هذا العرض خليولنا الحرية في اختيار العروض .وخيرونا علاه مقلتوناش في الاول متقدرتش ترجع لعرض pixx,1,dataset_2,0
لما تكون عندكم شبكة وتغطية، يمكننا السماع لكم. شخصيا تخليت عن شريحة موبيليس للأبد ولن أستعمل خدماتكم ابدا,1,dataset_2,0
عرض سخي,2,dataset_2,2
التدفق ضعيف جدا إني أعاني,1,dataset_2,0
ياموبيليس جيجل رانا نكونيكتيو ب نص g ماتمسخروش بينا كانت تمشي 4g عادي و الشهر الاخير رجعت 3g و الشهر.هدا رانا 2g وتكمل هكا نكملوها في اسفل سافلين,1,dataset_2,0
عروضكم ضعيفة جدا ولا ترقي الي متطلبات المواطن كفاكم تمسخير علي الشعب,1,dataset_2,0
المشكل ف الكونيكسيون ماكانش و ليس في العروض,1,dataset_2,0
نريد تغطية في شبكة في كامل تراب ساكني مناطق وليس كامل تراب الوطن لكين لكم احسن انجاز فقط,0,dataset_2,1
كي فعلت عرض سما راحت الكونكسيو,1,dataset_2,0
إنقطاع شبه تام لشبكتكم في الحدود الغربية من مغنية و أرواح هاود و زيد دايرين عروض ها سيدي هاه,1,dataset_2,0
انا كملت مع الموبليس بسبب تذبذ ونقص في الحاد في الشبكة,1,dataset_2,0
العروض اللي تطلقو فيهم هوما سبب سقوط الشبكة سقوط حر لوكان قعدت الأنرنت كيما بكري 1 جيغا بـ 100 دينار منلقاوش الضغط هذا,1,dataset_2,0
الله يهديكم ريقلو غير ريزو تاعكم برك عروض معليش خلوهم توالا,1,dataset_2,0
سڨمو غير الخدمات تاعكم لقدم,1,dataset_2,0
هههههه ريقلو الريزو ومن بعد تقربو من الزبائن,1,dataset_2,0
عرض لا فائدة فيه... حذراي من تحويلها إلى سما,1,dataset_2,0
ورقلة 4g والكونيكسيو 000,1,dataset_2,0
شبكة مبيليس اضعف شبكة في ولاية الاغواط وبهذا راح تخسرو جميع المشتركين. شركة موبيلس مطالبة بتدعيم شبكتها وتحسين الخدمة ان أرادت المحافظة على زبائنها في ولاية الاغواط,1,dataset_2,0
يودي ريقلوا رزو تاعكم برك في غليزان راه يعي,1,dataset_2,0
كونكسو مكاش رعب ثقيلة هذو 3ايام,1,dataset_2,0
في الجزائر فقط باش تستفيد من العروض لي يديروها les opérateurs لازم كل سمانة تبدل puce يعني تبدل الرقم كان من الاحسن ديرو عروض جدد والناس ڤاع تقدر دير العروض هادي في نفس الشريحة ماشي لازم يقعدو يبدلو فالارقام 🤷🏼‍♂️,1,dataset_2,0
الريزو راها ضعيفة هذه الايامات 🤔🤔🤔,1,dataset_2,0
depuis le lancement de la 3G y a pas eu d'amélioration je crois qu'il y a plus de chance que Poutine arrête la guerre que votre réseau s'améliore 🙂,1,dataset_2,0
في 3 ايام طارولي 13 جيڨا Pix كانت أرحم نضل نكونيكتي منكونسوميش 1 جيڨ,1,dataset_2,0
بلا ريزو ولا كونكسيو,1,dataset_2,0
سلام .... لقد كانت لدي 8 جيڨا و مكالمات و عندما حولت العر ض من pix إلى سما نحيتولي الكونكسيون ما هو السبب 😤😤😤,1,dataset_2,0
سقموا غي الانترنت تاعكم و من بعد ساهل ... و الله خيبتونا ... كل يوم تروح الانترنت من 20h ما تجيش حتى منتصف الليل ... 🤨🤔,1,dataset_2,0
ريزو نتاعكم راه عيان بزااف.,1,dataset_2,0
تذبذب ملحوظ لنهار اليوم فيما يخص شبكة الإنترنت,1,dataset_2,0
درت العرض تاع 1000دينار مي مفهمتش نحكي شوي يخلص الكريدي لي عندي (sama net 1000da),1,dataset_2,0
أفضل بكثير من ما كانت عليه,2,dataset_2,2
خفيف فالكنكسيو العرض هذا,2,dataset_2,2
عروض ملاح,2,dataset_2,2
انا نسكن في وهران ولا توجد تغطيه,1,dataset_2,0
عرض pix افضل,0,dataset_2,1
هو أن الفايسبوك ليس مجاني إلى بعد نفاد حجم إنترنت عكس بيكس الغير محدود لذا اريد عودة إلى عرض قديم,1,dataset_2,0
Moi je ne suis pas convaincu de vos services essayer de faire un bon contrôle de vos agence et le réseaux,1,dataset_2,0
ريڨلو ريزو تاعكم قبيل راها ثقيلة تقتل قبل ما تديرو اي شيء اخر,1,dataset_2,0
تحكم 4g تدور في فيراج تروح تولي E ريڨلو الكونكسيو مبعد ساهل,1,dataset_2,0
Très bon initiative 👏,2,dataset_2,2
جيجل مافهاش الكونكسيو كامل ياك بدراهمنا,1,dataset_2,0
Riglou ghy Réseau lwla mnba3d Sahal,1,dataset_2,0
ساوي غيل كونكسيون تاعكم من بعد طلقو عروض جديدة,1,dataset_2,0
ياو سقموا الكونكسيون,1,dataset_2,0
Réseau faible,1,dataset_2,0
رانا نخلصوا في دراهمنا في الريح لا ريزو لا connexion.,1,dataset_2,0
من الاربعاء للامس اسهلكت خمسة جيڨا مدخلت لليوتيب ومدخلت لحتى حاجة.,1,dataset_2,0
موبليس زيروووو في زيرررووو,1,dataset_2,0
الصحراء Vu,1,dataset_2,0
Pour Top 4G rien de nouveau,1,dataset_2,0
عرض مليح تاع سما,2,dataset_2,2
لازم تريڨلو تدفق الانترنت راه ضعيف على مستوى ليونال ميسي مع لبياسجي 🙃,1,dataset_2,0
connexion rahii vrai 3iyana hade les 4 jours Mobilis sagmou 7ala,1,dataset_2,0
رائعة اليوم سييتها عجبتني، شكرا موبيليس♥️,2,dataset_2,2
Oulach réseau mobilis donc ça sert à rien,1,dataset_2,0
انترنت منعدمة تماما,1,dataset_2,0
Sagmou reseau,1,dataset_2,0
تحيا جازي,2,dataset_2,2
Il faut rénover le réseau.,1,dataset_2,0
yaw segmoulna réseaux brk,1,dataset_2,0
ياخويا حنا رانا نعانيو مع هاد الكونكسيو,1,dataset_2,0
ياو الإنترنت مكاش يجب إطلاع الزبائن بالحقيقة من العشرة نتاع الصباح إلى غاية خمسة نتاع الصباح من يوم الإثنين والإنترنت مزال ما جاتش,1,dataset_2,0
يا ودي غي ريڨلونا الريزو نتاع موبليس ومن بعد احكيو على العروض,1,dataset_2,0
تغطية الشبكة ضعيف .. تدفق النت يترنح منطقة فيها الجيل الرابع ومنطقة تفتقر حتى إلى الجيل الثالث ..,1,dataset_2,0
يا. موبيليس فوجه ربي سقمونا الريزو مهيش تمشيلي كونيكسيو خلاص 😭😭😭😭,1,dataset_2,0
كي تطلقو ريزو ساهل,1,dataset_2,0
بالتوفيق والنجاح الدائم إن شاء الله,2,dataset_2,2
فلكسيت 2000da محبتش تمشيلي وكونكسيو مكانش وثقيلة😒,1,dataset_2,0
عليكم اللعنة ديرو عرض سيما جديد ترسلوا لنا رسالة قصيرة لنلقي نضرة على العرض وبمجرد لمس العرض يتم سرقة كل ما تملك من انترنات ورصيد مكالمات عليكم اللعنة يا لصوص,1,dataset_2,0
موبيليس الافضل,2,dataset_2,2
كل ما تهوى كونيكسيون تاعكم خرا,1,dataset_2,0
سقمو الريزو تاعكم,1,dataset_2,0
ماذا عن وضعية الشبكة الكارثية النمودج منطقة بلدية بريحان ولاية الطارف عطل بهوائي للشبكة منذ 5 سنوات بمنطقة البطاح و موبيليس عاجزة عن اصلاح هذا العطل قبل الحديت عن العروض الترويجية عليكم يا جماعة موبيليس ان تكونوا احترافيين 05 سنوات عطل و انتم عاجزون ماهذه البيروقراطية,1,dataset_2,0
الطارف شكوي جماعية بأكثر من 100 مشترك بمنطقة القريعات بلدية بريحان الطارف في مناسبتين دون الشكاوي الفردية دون جدوي و تسويف 5 سنوات دون جدوي 5 الحل,1,dataset_2,0
اولا عليكم ان تصلحو سرعة التدفق بعدها تكلمو عن عروضكم ولا داعي لإعادة جملكم التي يحفظها الشعب الجزائري و الله والله والله ثلاث مرات لا أصدق حتى صدق تحيتكم انا اعترف بالملموس وليس الكلام,1,dataset_2,0
حملة اعلامية موفقة ان شاء الله شكرا 🙏 لكم,2,dataset_2,2
المشكل ليس في العروض و ليس السعر المشكل في الشبكة و الخدمات و التدفق العنوا الشيطان,1,dataset_2,0
الزبون يطالب بدعم البنية التحتية اللازمة لفك الضغط عن الهوائيات القليلة التي اصبحت لا تلبي حاجة العدد المتزايد من المشتركين المجبرين على الاشتراك في شبكتكم في ظل غياب المنافسة,1,dataset_2,0
يا ولدي ريقلو الريزو تاعكم اللي يعيطلي يلقاه خارج مجال التغطية من بعد يرحمها ربي 😂,1,dataset_2,0
كونكسيوراها تنقطع وحدها,1,dataset_2,0
ديرو حل لشريحة لا وين كونترول الرقم نحتاجو بصح الخدمات فيها 000 ها خليونا نحولو,1,dataset_2,0
مكانش جديد هذه عروض قديمة باسم جديد 🤣🤣,1,dataset_2,0
على الانترنت زينا لي عندكم وزيد رها تكمل بلخف ما تكملش شهر قاع,1,dataset_2,0
موبيليس ،آمون لن يغفر لكم,1,dataset_2,0
الريزو تاعكم000000000,1,dataset_2,0
رييزو فالموبليييس راااه مكاش كاااامل مفهمتش علاه في البليدة,1,dataset_2,0
رجعولي 6Gg تاعي ممبعدو ديرو عروض,1,dataset_2,0
عرض مثل جميع العروض،لايوجد فيه اي جديد.,1,dataset_2,0
راكم تزعقو بنا كل يوم نروحولكم درتولنا خدمة.,1,dataset_2,0
Mobilis vous ne voulez pas améliorer votre réseau ça sert à rien de faire des offres !,1,dataset_2,0
الرداءة تتكلم,1,dataset_2,0
يا خسارة البنزين لراح تخسروه عن هالمسرحيات,1,dataset_2,0
Les offres na9sin bzf khosna ofre b 100 mille Ya3tok 50g internet o 200 mille tt rso o mobilis batel ila dhalkom 🙃,1,dataset_2,0
موبليس_في_تبسة_يوتيوب_ميمشيلكش,1,dataset_2,0
راني درت بيس عرض سما وحسلت,1,dataset_2,0
سلام عليكم لدي مشكله لقد تم أخذ رصيدي أرجو حل المشكله وهل يمكن أن استعيد رصيدي الذي أخد مني أتمنى الرد عليا في اقرب وقت,1,dataset_2,0
Reglolna cnx yrham babakooooooooom 😠😠😠😡😡😡😡,1,dataset_2,0
الريزو الريزو اهدرولنا على الريزو 🙄🙄🙄🙄🙄,1,dataset_2,0
سڨموا الريزو و من بعد الكرة ساهل,1,dataset_2,0
يوجد مشكل في تدفق الانترنت هده الايام في وهران,1,dataset_2,0
ساما الله لا تربحكم ليجيغا تقول راني نشرب فيهم و ثقيلة تقتل 😡😡😡😡🤬,1,dataset_2,0
كونكسيو هاذي مفهمتهاش علاش فبلاصتي متخرجش 4g...وتخرج غير فالاماكن لي متصلحش للقعاد ...لازم تتعذب باش تكونكتي,1,dataset_2,0
سرعة تدفق بطيئة ف الليل,1,dataset_2,0
تحيا موبيليس ❤️,2,dataset_2,2
مدرتها وندمت معرفتش نرجعها pix,1,dataset_2,0
المشكل الكبير في التغطية ضعيفة جدا,1,dataset_2,0
من المفروض تتهلاو في الزبائن المشتركين معاكم .. مشترك جديد بصيغة هاذي يكون خير من واحد مشترك معاكم يخلص كثر والعرض تاعو أقل,1,dataset_2,0
عندي نقص في تدفق الأنترنت,1,dataset_2,0
بدراهمنا وتمشيش لنترنت ومحسبناكمش واليمات راحو بلا كونكسيو وانتوما فيسبوك مجاني ستخسرتوه فينا انا تبانلي نبدل لابوس قريب الشهر وحنا مرمدين معاكم لابوس ديالي 2016,1,dataset_2,0
عندي اتفاقية mdn الانترنات كي تخلاص يحبس الفايسبوك ثاني والرسائل نحو موبيليس فقط 😑😑,1,dataset_2,0
معناتها الفيس بوك مايش باطل وهو الي راح يقضيلك على حجم الانترنت بسبب الولوج المستمر لهذا التطبيق😉 معناتها عرض فاشل,1,dataset_2,0
تخلص كل شهر وخدمة انترنت منعدمة و نورمال,1,dataset_2,0
معجبتنيش هادي سماا,1,dataset_2,0
في حياتي مشفتش الحجم خلاصي ديما يكمل شهر هو مزال كنكسيو عيانه,1,dataset_2,0
سبحان الله غير البارح كان عرض 1000دج فيه 30 جيغا واليوم رجع 15😑😑😑,1,dataset_2,0
للاسف شبكة متهرية و جد ضعيفة مثلكم,1,dataset_2,0
والله غير وجهكم صحيح تعملو عرض كما هاذا ... ربي يهديكم,1,dataset_2,0
هردتونا بخرطي,1,dataset_2,0
مليحة بزااف,2,dataset_2,2
الانترنت غير مستقرة تروح وتجي كل دقيقة .. والتغطية ناقصة في منطقتنا .. يهديكم ربي ديرولنا انتان ريزو,1,dataset_2,0
الكوناكسيون راها تمشي مع الثامنة مساءا وتولي مع منتصف الليل,1,dataset_2,0
"واش قصتكم كل ليله تنقطع الكونكسيو حتى 12,تاع الليل تطلقوها😕",1,dataset_2,0
كونكسيو شعر,1,dataset_2,0
كونيكسيو ثقيلة بلبزاف,1,dataset_2,0
اسوة شبكة انترنت ف عالم,1,dataset_2,0
عرض سيء سيء سيء .... عرض للحيلة والتحايل على الزبائن,1,dataset_2,0
مليح العرض هذا توب,2,dataset_2,2
اكبر حشوا من موبيليس الفيسبوك ليس مجاني بل بعد إستهلاك انترنت يصبح مجاني عكس بيكس,1,dataset_2,0
رجعولي رب صوالحي انا دروك كانت مفلكسي صوميل درتها ساما طارولي بيهم,1,dataset_2,0
merci je vais basculer vers cette offre des que j'ai fini mon abonnement du mois,2,dataset_2,2
والله غير كونكسيو تاعكم ثقيلة نتمنى تسريع في تدفق الانترنت,1,dataset_2,0
هذيك هي الحشوة ..ماكاش ايليميتي نحو موبيليس,1,dataset_2,0
ياو ريزو مكانش ڨاع,1,dataset_2,0
Très mauvaise connexion,1,dataset_2,0
lyzid ydiR 3likm,1,dataset_2,0
نوكل عليكم ربي,1,dataset_2,0
يحشيوهالكم تنحيو pixx ومن بعد يلغيو عرض سما ...ايا تلقاو رواحكم بمبتسم تاع 2010 🤣,1,dataset_2,0
ياو المشكل ليس في العروض المشكل في التغطية ميتة مثلكم,1,dataset_2,0
في الحقيقة افضل تغطية هي موبيليس,2,dataset_2,2
سيستام قاوي اول مرة ديرو حاجة مليحة,2,dataset_2,2
جيغا وهدرة متخلاصش مليحة هادي,2,dataset_2,2
لماذا تسرقون خاصة الفقراء,1,dataset_2,0
موبيليس نحن معك,2,dataset_2,2
عندي 5 ايام فليكسيت عرض 500da وفضتلي 5 GB وفيسبوك وماحبش يتمشى يخي راكم تقولو غير محدود,1,dataset_2,0
عندي يومين تتقطع الكونكسيو من ساعة ثامنة ليلا من منتصف ليل,1,dataset_2,0
تغطية ضعيفة في ولاية وهران على مستوى حي الصباح على الاقل كونوا في مستوى تغطية الشبكات المنافسة,1,dataset_2,0
استغفر الله منكم 🙄😒😒,1,dataset_2,0
جودة الريزو متذبذب وضعيف جدا,1,dataset_2,0
cnx wach biha had lyamat,1,dataset_2,0
فعلت الخدمة مي كنت مفعل قبل عرض تع شهر ب100 وراحلي العرض يعني ماتقدروش تعلمونا انو عند تفعيل هذي الخدمة يروحلك العرض لي راك مفعلو,1,dataset_2,0
كثرتوا في خوف الله....شبكتكم ضعيفة ان لم اقل منعدمة في سيدي الجيلالي بجنوب تلمسان رواحوا هزوا حدايدكم.....الريزوا لي يروح مع الكهرباء كي تنقطع معندنا ما نديروا بيه....الكنكسيو ميتة,1,dataset_2,0
سرعة أنترنات ضعيفة جدا جدا جدا. نطلب من شركة موبيليس. تدابير الازمة. لماذا كل هذا,1,dataset_2,0
نرجو تحسين التدفق,0,dataset_2,1
عرض سما خردة بالكم منها سرقة بام عينها,1,dataset_2,0
يبان مليح 🇩🇿,2,dataset_2,2
عندي مدة ملي كسرتها البيس تاعكم ما تصلح لوالوا,1,dataset_2,0
عرض توب 4G طلعولوا محدودية 1ميغا على اقل,1,dataset_2,0
من نيتكم باغي نحكم المدير العام تاعكم مانخليش حتى حرف في قلبي مامقولهش,1,dataset_2,0
15جيقا راها عادت مدير والو 😡,1,dataset_2,0
🌹🎊🎉🎈🎈🎆🎆🎆العالمية مع موبليس,2,dataset_2,2
1000da 15 G 9lila mnytkom mobilis,1,dataset_2,0
سلام عليكم بعثتلكم في خاص تقراو ميساج متردوش وزيد عيطتلكم في 888 كملو دراهم بلا فايدة وين راهي مصداقية تاعكم,1,dataset_2,0
البيكس ولت عيانة,1,dataset_2,0
تحسن ملحوظ فالكونكسيو,2,dataset_2,2
Ri9lo Cnx Brk 🥱,1,dataset_2,0
اذا كنت كل مرة تسكرولي لبيس بلا سبب نبطلها قع,1,dataset_2,0
وشبيها الكونيكسيون,1,dataset_2,0
سرقتولي خمسين الف ودرتولي عرض سما حرام عليكم,1,dataset_2,0
انترنت ضعيفة جدا في شبكة موبيليس,1,dataset_2,0
موبيليس ريزوها فور عندي,2,dataset_2,2
النت سيئ للغاية في شريحة موبيليس,1,dataset_2,0
Réglou 3lina prblm ta3kom hada manech mkhalsin f batel bere7 w elyoum 7ata 7aji mabghat temchi a part fb,1,dataset_2,0
كان عندي مبستم وكنت مفعل العرض تع 500 كي حولت لسما راحلي كلش ورجع الكريدي 1da,1,dataset_2,0
وضكا ما تحلوش هذا المشكل تاع ثقل ولا كيفاه,1,dataset_2,0
مدابكوم تحسنو كنكسيو راهي تقيلا,1,dataset_2,0
انا نبدل للعرض سما ماتتمسخروش,1,dataset_2,0
موبيليس راه عندكم خلل ف DNS وهاذ خاصية تحمي بيانات الهاتف ودرك مليل لليل راها تروح والهاتف ناس معرض للخطر,1,dataset_2,0
تصلحو الخلل ولا نبدلو المتعامل والخيار لكم راه كاين,1,dataset_2,0
الشبكة تاع عصر الحجارة و العمل تاع العمي و لاعبينها متألقين,1,dataset_2,0
الشكوبي تعرفوه موبيليس كونيكسيو مقودا البيبليسيتي انتم اللولين,1,dataset_2,0
يا موبليس ما فائدة هذه العروض وتدفق الانترنت ضعيف جيدا يكاد ينعدم ديرونا حل.,1,dataset_2,0
فليكسيت ڨبيل عشرلاف ديتوهملي ما فهمتش علاه هادي المرة التانية الي تدولي الدراهم فيها,1,dataset_2,0
كي تسڨموا ريزوا نتاعكم ومن بعد ديروا عروض نتاوعكم,1,dataset_2,0
كون جات الفيسبوك باطل وليس بعد إنتهاء حجم الأنترنت نفضل pixe 1000 أرحم 30go مع إحتساب الفايسبوك تكملها في سمانة,0,dataset_2,1
خلاص منزيدش نصدق اشحال شكيت باه جيو تصلحو الانترنت مبغيتوش دونك المصداقية مكانش ودراهم الي ديتوهم والله منسمحهم بويسك منيش مقتنع بلي صح عندي انترنت بصحتكم,1,dataset_2,0
شبيكم كل يوم تقطعو كونيكسيو قلنا نهار معليش بصح دايما تقطعوها هنا سمطتوها,1,dataset_2,0
كذبتو علينا وقلتو فايسبوك مجاني هادي سريقة,1,dataset_2,0
في عرض سما نت 1000دج 30 جيغا و الفيسبوك باطل يعني ميديش من لي جيغا ولا بعد ماينتهي 30 جيغا يصبح مجاني,2,dataset_2,2
ما مشكلة الأنترنت عندكم، البارحة واليوم على الساعة 20.00 لا أستطيع الدخول إلى نتفلكس pubg و pes,1,dataset_2,0
اااا كيفاه نرجعو كونكسيو لي ديتوها نحيو علينا عرض هذا,1,dataset_2,0
مع سما تزهالك ليام جودة واقتصاد..,2,dataset_2,2
من فضلكم سقموا الكونكسيون كرهنا من هذا الحالة,1,dataset_2,0
ليوم في عين الدفلى راحت التغطية اكثر من ساعة,1,dataset_2,0
لبارح الثمنية ونص راحت الأنترنت وتطبيقات جوجل ماحبوش يمشو نهائيا.. اليوم نفس الشي.. واش هاذ العقلية؟,1,dataset_2,0
وما محل تدفق الانترنت من الاعراب ؟,1,dataset_2,0
ديروها أو متندموش المخير تع لمخير في موبيليس,2,dataset_2,2
انا رحت دومونديتها ملا ديريكسيون حجا فوور ❤❤,2,dataset_2,2
Merci a vous Mobilis 💐💐,2,dataset_2,2
ريڨلو جد الكونيكسيو قبل و مبعد ساهل,1,dataset_2,0
فيها الحيلة والخداع في العرض لا يوجد شفافية,1,dataset_2,0
يا موبيليس وعلاه حبستولي لابيس عندها قريب 20 سنة وهي عندي,1,dataset_2,0
هذي اهانه للزبائن ، تغطيه سيئه جدا ستفقد المؤسسه مصداقيتها,1,dataset_2,0
كونكسيو خفيفة,2,dataset_2,2
كونكسيو شابة,2,dataset_2,2
الله يدوم النعمة,2,dataset_2,2
عبدالله عبدالرؤوف العرض الدوزيام مليحلك,2,dataset_2,2
شريت وحدة عياتني كونيكسيو ثقلية حالة 😔😔,1,dataset_2,0
السلام عليكم، حبيت نقول ان الانترنت مكانش مايظهر والو ضعيفة، ارجو انكم تصلحو المشكل,1,dataset_2,0
ههههههه 🤣🤣 بيس فيها أحوال مثل أحوال طقس خطرى شمس 🌅 خطرى مطر 13جيڨا في سيمانا تكمل ،،,1,dataset_2,0
شكرا موبليس,2,dataset_2,2
هناك بعض المشاكل فالتغطية خاصة الفترة المسائية,1,dataset_2,0
من فظلك شوفولي حل للضعف الكبير في سرعة الانترنت والله معاناة كبيرة.,1,dataset_2,0
ريڨلونا كنكسيو راهي تقطع شوا هدا,1,dataset_2,0
نريد عرض 500 دج صالحة لمدة 30 يوم لكن للأسف لا جديد,1,dataset_2,0
ريقلوا انترنات راهي ثقيلا,1,dataset_2,0
كرهتوناوفي مبيليس الواحد يفليكسي١٠٠٠ ومتكونيكتيش بها,1,dataset_2,0
لي يدير العرض هذا يقدرش يرجع لي عندو وعرض فاشل غير مكلاه تجربوه,1,dataset_2,0
لو سمحتي اليوم الرابع والانترنات منعدمة عندي ممكن تصلحو العطل تاعكم,1,dataset_2,0
سما مكاش كيفاش ديرولنا زيرو فلفيسبوك 🙁,1,dataset_2,0
Réglo internet allah yehdikom malkom baghyin thablona,1,dataset_2,0
لماذا الانترنت ضعيفة جدا,1,dataset_2,0
واش حكاية الريزو مكانش صباح ربي,1,dataset_2,0
Rja3tha sama 7chawhali 😂,1,dataset_2,0
لالا ما تحشوليش غير top 4g لي ما نبدلهاش,1,dataset_2,0
فهموني راني كلما نفليكسي تروحلي 100 كرهت حياتي علاش زعما,1,dataset_2,0
"Mobilis j'ai felxy 1000da et j'arrive pas à appeler ni connecter il s'affiche que le solde est international,je n'ai jamais activé que ce soit ,? Peff",1,dataset_2,0
Segumou connexion taakoum après sahel,1,dataset_2,0
علاش كي نفليكسي تديو دراهم,1,dataset_2,0
c bn tar 7mam,1,dataset_2,0
عندي خلل فالأنترنت وتواصلت معاكم وما رديتوش عليا,1,dataset_2,0
كل ليلة نفس الفيلم تكوبو الكونكسيو و تخلو الفيس برك,1,dataset_2,0
الفايسبوك يستهلك من حجم الانترنت في البداية ليس مثل عرض بيكس,0,dataset_2,1
Lcnx wach biha layamt hado ? 🙂,1,dataset_2,0
لكونيكسيو علاه راكم تقطعوها فليل,1,dataset_2,0
شكون كونكسيو راهي تروحله لا google لا حتى حاجة غي فايسبوك يتمشى,1,dataset_2,0
و معا موبليس نحكي. بلاش,2,dataset_2,2
علاه لبارح كليتولي تسعالاف اللي فليكسيتها 😢,1,dataset_2,0
تحيا الكوفيج 💪خلوها عندكم,1,dataset_2,0
اعاني من خلل في تدفق الانترنت,1,dataset_2,0
F dz Tkhls Bdrahmk w Msogriink,1,dataset_2,0
واش بيها كونكسيو,1,dataset_2,0
Cnx wsh biha Nkhlsou W mnkhdmouch biha,1,dataset_2,0
عرض اكثر من رائع,2,dataset_2,2
Mobilis شكرا لكم,2,dataset_2,2
شكرا موبيليس اختيارك الافضل ❤️و نحن معكم,2,dataset_2,2
إن شاء الله ضربة تضربكم طلعكم لسابع سما,1,dataset_2,0
ههههه 🤣🤣 ناس راها في8g ونتوما راكم روطار موبيليس 13جيقا 100ألف من وقت مجاهدين رانا في ثورة,1,dataset_2,0
شركات تتقدم وموبيليس تتخلف وجوه الشر,1,dataset_2,0
علاه انترنت ضعيفة جدا في شبكة موبيليس,1,dataset_2,0
تحيا موبيليس,2,dataset_2,2
أسوء شريحة هي موبيلس لا ريزو لا كونكسيو لا عروض ملاح و يزيدو يقولو تواصلوا معنا في خاص و هما ما يجاوبوش pff 😡😡👎,1,dataset_2,0
عجبتني مليحة تووب,2,dataset_2,2
المشكل في الشبكة ضعيفة جدا جدا جدا,1,dataset_2,0
واش بيها مبليس في عين الدفلى راح الريزو كامل,1,dataset_2,0
1000 يعطوني 30جيڨا مليحة راح نفليكسيها,2,dataset_2,2
عرض أسطوري تاع 1000ب 30 جيغا أول مرة ديرو حاجة زينة في حياتكم 🥰🥰,2,dataset_2,2
سقمو الكونيكسيون تاعكم مع العلم اول مرة نأكتيفي فيها وراح تكون أخر مرة يا (كلام فاحش) وشكرا🙂,1,dataset_2,0
Pixx مليحة فيها فيس بوك مجانا,2,dataset_2,2
عروض هايلة موبليس يعطيك الصحة,2,dataset_2,2
غير شوية كونيكسيو ورنا معاك ديما😊👍,2,dataset_2,2
برافو موبليس افضل شبكة جوال في الجزائر😍,2,dataset_2,2
الانترنت راها تقيلة وش بيها,1,dataset_2,0
Sama🐌,1,dataset_2,0
اسغتالين يسما كي تخلاص حجم انترنات يررح فيس بوكنومالمو تخلوه 😑,1,dataset_2,0
تحياتي بالتوفيق والنجاح دائما 👍 موبيليس المحبوبة الممتازة شكرا,2,dataset_2,2
واش بيها إنترنت اشاره كامل تروح و تعاود ترجع 🙄🙄,1,dataset_2,0
واش بيها انترنت رانا نعانو,1,dataset_2,0
مشكلة عامة في انترنت نتاعكم غوغل يوتيوب ميمشيش خلاص حابسة,1,dataset_2,0
واش بيها انترنت ماقدرتش ندخل قوقل,1,dataset_2,0
واش بيها الكونيكسيو تمشي غير الفيس بوك و مازال عندي 12 جيغا…,1,dataset_2,0
مالها كونيكسيو اليوم من 6 لدوك متقدرش حتى تدخل للفيسبوك,1,dataset_2,0
قولونا كونكسيو علاه راهي حابسا نتمنا تردو علينا,1,dataset_2,0
واش بيها انترنات ليوم مرنييش نقدر ندخل وثقيلة,1,dataset_2,0
عندي مشكل مع انترنت محبتش تدخل للألعاب online وتحميل و مشاهده الفيديوهات,1,dataset_2,0
الله يهديكم رجعو لكونكسيو مالكم,1,dataset_2,0
ملها كونيكسيو مساع مكانش,1,dataset_2,0
wach bihaaa cnx 😕😕,1,dataset_2,0
فليكسيت 100da عندها سمانة راحتلي لنترنات اليوم ثقيلة بزااف عيش يا طالب.ة. العلم قليل,1,dataset_2,0
بكل مصداقية حاليا كونكسيو جيدة,2,dataset_2,2
كمية الجيغاات قليلة... مثلا عرض 1000 دج ب 17 او 18 جيغااا,1,dataset_2,0
كونكسيون حاجة مليحة و تساعدنا.,2,dataset_2,2
كان عندي شريحة pix فيها 7 جيغا و 100 ألف كريدي وحدها راحت و جات ساما hadi الإنترنت و le unité 😑 رجعونا يمات الدراهم راكم كبار و الله,1,dataset_2,0
الحمد لله اول مرة تديرو عرض مليح كانت حاكمتني قنطة من جيهتكم,2,dataset_2,2
ريقلولنا غي لكونيكسيو رآها قاع مكانش,1,dataset_2,0
الحاجة الخايبة فيه تدفق الانترنات ضعيف زيدو في حجم الانترنات 💯,1,dataset_2,0
المناطق الحدودية لا توجد تغطية ما المشكل ؟!,1,dataset_2,0
جيد,2,dataset_2,2
قاتلكم أما مخصوصين دراهم تاعي ديتوهملي و الله ماعندها تمدولها ديتوهملها,1,dataset_2,0
اكتيفيت 500دج عرض جاني بصح المكلمات مكانش,1,dataset_2,0
Wch biha m7btch tmchi connexion,1,dataset_2,0
A ce que rah kayen problème f réseau t3kom ? M bghatch tkhdmli cnx,1,dataset_2,0
انترنت ضعيفة جدا عرض بيكس احسن خصوصا في الليل,1,dataset_2,0
علاه كنكسيو تقيلا خفوها,1,dataset_2,0
مكاش كونكسيو ضعيفة تذبح ننصحكم ماتشروهاش,1,dataset_2,0
Yew mknch connexion allah yehdikom aa mobilis badrahamna wmaknch,1,dataset_2,0
مع سما يسما فيها قرب يالزوالي,2,dataset_2,2
4G m barah makanch mayahdikomch rabi ? W service clients 3lah diroh ki matrfdoch 3laaa les clients ?,1,dataset_2,0
يا موبيليس والله غير ريزو راه ماش سطابل,1,dataset_2,0
ياااااااو كرهنا تدفق انترانت ضعيف منذ يومين,1,dataset_2,0
تحيا top 4G,2,dataset_2,2
حاجة كبيرة الليلة منرقدش من لفرحة من جديد نتاعكم,2,dataset_2,2
مع موبيليس كون تمدو 120 جيجا على 6 اشهر متتكونسوماش ياربي 20 جيجا منها و السبب انو مكانش الكونكسيون اصلا,1,dataset_2,0
يهديكم ربي رجعولي 8 جيغا توعو سرقة هكا ول كي نتوم كي عرضكم,1,dataset_2,0
13جيقا راحتلي في 5ايام دخلوها في روسكم برك,1,dataset_2,0
ههههه 1000دج فيها 2جيغا المتعاملين الآخرين 1000دج مقابل 15جيغا,1,dataset_2,0
تغطية شبكة هاتف ضعيف في منطقة ساعة وانت الووو الووو الووو......؟,1,dataset_2,0
هذي عروض باهية,2,dataset_2,2
عروض مخيبة من أكبر متعامل في الجزائر لا ترقى إلى تطلعات الزبون ولا تلبي احتياجاته من الأنترنت خاصة.,1,dataset_2,0
En Conte Baucoup Sur Vous Merçi Mobilis .,2,dataset_2,2
Meilleure offre sur le marché téléphonique en Algérie ❤️,2,dataset_2,2
Bravo Mobilis,2,dataset_2,2
علاه يخلاصو لميقا بالخف 30 جيقا خلاصو في عشر ايام .هاديرونا حل,1,dataset_2,0
لماذا ﻻا يوجد فيسبوك مجانى في هذا العرض.,1,dataset_2,0
مدة 15 يوم قليلة لهذا نطلب بجعل مدة الصلاحية 30 يوم,1,dataset_2,0
بخصوص عرض سما الإحتيالي من موبيليس لازم نقدمو شكوى واحتجاج مكتوب لوكالة موبيليس,1,dataset_2,0
لازم نهجمو على صفحة موبيليس في تعليقات نطالب بإلغاء العرض او امكانية الرجوع للعرض القديم pixx …,1,dataset_2,0
الشعب كامل راه يشكي من العروض وسوء الخدمة والسرقات ....نريد توضيح,1,dataset_2,0
تدفق مكانش كي تولي 1000جڨا,1,dataset_2,0
اكتفيت 100 ماكملتليش حتى 15يوم وزدت 50 في اقل من سمانة خلاصالي اني ندور غير في فيسبوك مسنجر وماتمشيليش,1,dataset_2,0
فيها استهلاك للانترنت أكثر من اللازم,1,dataset_2,0
سراقيين الغو هاذ عرض عرض فاشل,1,dataset_2,0
سڨمو االريزو رانا نعانو في تيبازة وخاصة بلدية حطاطبة وسيدي راشد راه شبه منعدمة,1,dataset_2,0
الفيسبوك عاد ياكل ليميڨا ؟😥,1,dataset_2,0
الناس كلها تشتكي ومن سوء عرض سما وتقول انها تريد الرجوع الى عرض بيكس,1,dataset_2,0
اين سياسة حرية المشترك يختار العرض الذي يريده كيف تفرضون عليه امر لم يعجبه !!,1,dataset_2,0
والله عياتنا موبيليس بضعف شبكتهاتخيل المكان الذي اسكن فيه تغطية ضعيفة جدا الى حد انو نقلبها الى 3g لكن دون جدوى,1,dataset_2,0
تكمل في 4 أيام,1,dataset_2,0
مشاء الله ربي يحفضكم,2,dataset_2,2
ثم ثم تخلاص,1,dataset_2,0
حسنو شبكة نتعكم ومن بعد ساهل الف مرة رسلتكم ولا جديد يذكر,1,dataset_2,0
كونكسيو 00000000,1,dataset_2,0
10go nconsomihom f la journée 😂😂,1,dataset_2,0
ريزو عيان موبليس,1,dataset_2,0
الشبكة ضعيفة حسنوها امبعد نهدرو,1,dataset_2,0
شبكة لا تصلح حتى للفيسبوك فما بالك فاليوتوب والمواقع الاخرى,1,dataset_2,0
السلام عليكم، عندي مشكل سرعة تدفق الانترنيت ،شريحة جديدة,1,dataset_2,0
نحيتولي عرض بيكس حرام عليكم وسرقتولي 500الف بالانترنت مكتيفيا,1,dataset_2,0
هيا مليحة,2,dataset_2,2
ردولنا غير الانترنيت الله يرضى عليكم الواحد راه محتاجها في القراية مالكم,1,dataset_2,0
كفاه نحبس متعودش تأكل في دراهم,1,dataset_2,0
مليحة كونيكسيون ومفيهاش ضرائب,2,dataset_2,2
لل نحتاج سما رجعونا لل pixx و نبينا و صلينا عليه,1,dataset_2,0
فلكسيت ميتلف فضتلي فخمس يام والله مزرية 💔💔🥺,1,dataset_2,0
عرض بدون معنى,1,dataset_2,0
درت عرض ميكس 1000 دج 15جيغا وخلاص حجم الانترنت في 8 ايام كيفاش نزيد حجم انترنت مكاش connect+,1,dataset_2,0
عجبوني العروض تاع سما,2,dataset_2,2
موبيليس والكل يتكلم أحسن شبكة بدون مجاملة,2,dataset_2,2
الانترنت تاع موبيليس ولات ثقيلة رهج ؛ كين خلل عندكم ؟,1,dataset_2,0
المشكل راه في 24ساعة,1,dataset_2,0
فهمونا يرحم والديكم كنت غاية مع pixx رحتو جبتولنا هاذي سما البارح اكتيفيتها مي راهي تمشي في مواقع التواصل الاجتماعي فقط عييتونا وصاي,1,dataset_2,0
الله يبارك موبيليس عائلة كاملا نخدموا موبيليس ووديرهنا معا تضامن العسكرية والله إلى رحمة ربي يحفظكم,2,dataset_2,2
حتى تخدمولنا ريزو نكونيكتو غاية 😑😑,1,dataset_2,0
النت ضعيفة جدا عندكم 5 جيقا في 15 يوم عمري ما خلصتهم,1,dataset_2,0
Mobilis عندكم كونكسو ثقيلة,1,dataset_2,0
35 جيقا كملت في 3 ايام واش من عرض تهدر عليه,1,dataset_2,0
تسمى الشهر يطلعلك ب 3000دج هذي خدعة,1,dataset_2,0
تحيا موبليس زكارة في لي يقولك ريزو عيان ومكانش كونيكسو هذو اعداء نجاح,2,dataset_2,2
نحن معكم في سراء وضراء mobilis لا تخيبو املنا 😍😍😍😍😍,2,dataset_2,2
كل احترام وتحيات لكم ومزيد من تألق ونجاح,2,dataset_2,2
شكرا جزاك الله خيرا دائما في حسن الخدمة,2,dataset_2,2
عجبني عرض تاعكم sama net 2000 فيه 90 جيغا مليح,2,dataset_2,2
صح رمضانكم 🌹,2,dataset_2,2
أواه خلونا في جيري هايلة بزاف,2,dataset_2,2
hay lhadra,2,dataset_2,2
😍🔥 djezzy the best 🔥🔥,2,dataset_2,2
Woooow ❤️🔥,2,dataset_2,2
عرض موش مليح,2,dataset_2,2
Bonne continuation @djezzy.dz,2,dataset_2,2
@sy_samy ouiiiii😍,2,dataset_2,2
@djezzy.dz ❤️❤️❤️,2,dataset_2,2
@yasminebmi @yaramammo 🔥🔥,2,dataset_2,2
صح فطورك عمتي موبيليس❤️,2,dataset_2,2
Mobilis fort ❤❤❤❤,2,dataset_2,2
@the_king.fe hayla maxi,2,dataset_2,2
@lo.uz kifach ndir bach nachriha,2,dataset_2,2
@the_king.fe sa9si elihah sahbi wla dir *720# o chof ask ya9lbohalk,2,dataset_2,2
@djawed.mitala ih dik kant bien bzafff,2,dataset_2,2
موبيليس صح رمضانكم,2,dataset_2,2
@b_onnie_i pendant un mois 😊,2,dataset_2,2
la prochaine fois ndiroulek plaça 😂,2,dataset_2,2
@una_efe mercii❤️,2,dataset_2,2
500da vers tous les réseaux,2,dataset_2,2
oui c'est valable 30 jours 😊,2,dataset_2,2
Waaaaaaaaw ces bien,2,dataset_2,2
lconixou🌐 kfifa,2,dataset_2,2
Vive mobilis 1000da 20go 4000da hadrra l tous les rèseaux hadrra illimité mn mobilis l mobilis👌🏻,2,dataset_2,2
اعجبني الاشهار مدروس بدقة شريحة جديدة بعروض جديدة 2022,2,dataset_2,2
Publicité hayela,2,dataset_2,2
👏🔥🔥🔥 20da +1gb,2,dataset_2,2
ما شاء الله ! 😉👍,2,dataset_2,2
Izzy baynaa😍,2,dataset_2,2
@tatifo_dz__19 💪💪,2,dataset_2,2
Wow 💓💓💓,2,dataset_2,2
Mliha had l'application bzaaf tsahel ❤️,2,dataset_2,2
@chah______ra Merci pour votre fidélité 😁,2,dataset_2,2
عجبتني 1Go باطل,2,dataset_2,2
بالتوفيق والنجاح الدائم موبيليس ربي يحفظكم روعة روعة روعة,2,dataset_2,2
Continuer bonne courage ❤️,2,dataset_2,2
أفضل شبكة وأفضل عروض وأفضل تغطية على مستوى البلد,2,dataset_2,2
أفضل شبكة من ناحية تدفق الإنترنت,2,dataset_2,2
عروض مليح والريزو في كامل لبلايص مليح,2,dataset_2,2
#isama 🔥🔥,2,dataset_2,2
أنا هدا وين راح نسييها مي فوووووور بزاف عحبتني والأنترنات نتعها طيارة ماعندي مانخير شكرا موبيليس,2,dataset_2,2
❤️merci mobilis pour cette offre,2,dataset_2,2
Lah lah 9elechtouna yeah,2,dataset_2,2
lem9elcha te3 sama 😎,2,dataset_2,2
bravo 👌👌 continue comme ca,2,dataset_2,2
@ucancallme.sch khiyer w'ekhtar ! W'ila habit les 2 test9amlek 600da,2,dataset_2,2
Win nal9aha habit nechriha,2,dataset_2,2
الكنوكسيون راهي هايلا,2,dataset_2,2
Tu m'as fait heureuse mobilis YouTube illimité pendant un mois Parce que pix est illimité merciiii,2,dataset_2,2
شكرا موبيليس ❤️❤️❤️❤️❤️,2,dataset_2,2
Youtube illimité + 5G cnx wla bla biha,2,dataset_2,2
Hadra batel avec sama ou youtuuube gratuit woow,2,dataset_2,2
@kareem.kc yeahhhhh mennnn,2,dataset_2,2
pas de panique elle est toujours dispo vous pouvez choisir l'offre qui vous convient entre Youtube et Fb+Insta,2,dataset_2,2
oh merci bcp,2,dataset_2,2
sahito mobilis cnx ta3kom khfifa bzff,2,dataset_2,2
rohat nachrihaaa f constantine galoli mazaal majabnahaach waktaah tjibohaa mobilis 😍,2,dataset_2,2
Oui hayla rani mdayratha ❤️,2,dataset_2,2
M3a #pix profity men 30 youm khelwy 👌😍,2,dataset_2,2
ودرت واحدة ودرت وحدة ودرت وحدة راهي عجبتني مووووت,2,dataset_2,2
انا عندي جيزي هايلة بزاف ب 1500دج فالشهر فيها 40 جيڨا,2,dataset_2,2
اتشيوايوايوااا,2,dataset_2,2
Dartha hayla ❤️ ms chritha 500da,2,dataset_2,2
شريتها ب 600 دج فيها وماكتيفيا وتانيت قالي خير رقم من الميكرو ❤️,2,dataset_2,2
مليحة لواحد يخدم بيها فدار,2,dataset_2,2
connexion thabel merciii bq,2,dataset_2,2
Sérieusement depuis que j'ai mobilis je suis plus en panne de cridi ni internet 💓💓💓 avant je galère mtn hamdoullah 🌹,2,dataset_2,2
"Avec mobilis CONFORT, retrouvez la qualité, le prix et la vitesse dans une seule offre 😍",2,dataset_2,2
مع جازي ابقاو ديما متّصلين عبر مواقع التواصل الإجتماعي المفضّلة لديكم,2,dataset_2,2
Hayl ❤️,2,dataset_2,2
Cnx hayla,2,dataset_2,2
dok tchri dzayr kmla Djezzy 💓💓💓💓💓,2,dataset_2,2
أنا عجبني هاد العرض بزاف,2,dataset_2,2
هادي أول مرة نجرب موبيليس هايلة بزاف كي الريزو كي الكونيكسيو,2,dataset_2,2
عروض موبيليس في القمة بارك الله فيكم,2,dataset_2,2
خدمات موبيليس فووور يكونو معاك 24 ساعة,2,dataset_2,2
Le réseau de mobilis blida ça marche très bien,2,dataset_2,2
أحسن عرض في السوق الجزائري,2,dataset_2,2
هادي أول مرة نفرح بالعوض تاعكم شكرا موبيليس كفيتو و وفيتو,2,dataset_2,2
عجبتني سما كي تخلاص حجم الإنترنت يقعد الفيسبوك باطل,2,dataset_2,2
أحسن شريحة هي موبيليس ريزو و كونيكسيو خيرمنهم قاع و زيد يجوبوك على الإستفسارات تاعك😍,2,dataset_2,2
عرض أكثر من رائع خاصة في رمضان,2,dataset_2,2
موبيليس و الكل يتكلم و يكونيكتي 😍,2,dataset_2,2
كونيكسيون هايلة بزاف وفي هاد العرض مفهمتش وعلاش ما عجبتهمش,2,dataset_2,2
خاوتي عرض هايل متديروش على لي يقولو العكس,2,dataset_2,2
خاوتي ماتديروش عليهم الدزيريين ما يعجبهمش العجب,2,dataset_2,2
حبيت نشكركم موبيليس على هاد الخدمات برك سقمولنا شويا كونيكسي الله يحفظكم,2,dataset_2,2
عجبني هاد العرض بزاف ربي يوفقكم,2,dataset_2,2
ايييه لهنايا نتفاهمو موبيليس,2,dataset_2,2
C'est pourquoi J'adore cette opérateur téléphonique vraiment,2,dataset_2,2
Bonne continuation mobilis vraiment je vous tire un chapeau pour ce travail 😍,2,dataset_2,2
عرض سما روعة سييتو البارح و ماندمتش عليه,2,dataset_2,2
J'adore 😍😍,2,dataset_2,2
WOW! C'est vraiment incroyable,2,dataset_2,2
👏Djezzy toujour fidèle,2,dataset_2,2
شحال هايلة كي جازي تنقصلك 50% فالتعبئة الثانية 😍😍,2,dataset_2,2
مع HAYLA 😍 كونيكتي و ابقى دايمن على الإتّصال مع حبابك,2,dataset_2,2
ديروها😍 غي 1000 احسن ❤️,2,dataset_2,2
تحيا موبيليس كونتر موبيليس جيزي,2,dataset_2,2
العرض لي تلقاو فيه راحتكم من كل النواحي,2,dataset_2,2
سعر، جودة و إمتيازات رائعةDjezzy CONFORT 😎😍😉,2,dataset_2,2
Cet été l’offre HAYLA BEZZEF revient avec plus d’internet 😍 Et encore plus de crédit,2,dataset_2,2
Feu 🔥 🔥 merci djezzy,2,dataset_2,2
مع جازي، ابقاو ديما على إتصال مع الناس لي عزاز عليكم,2,dataset_2,2
الاشهار الوحيد لي نقعد نسناه,2,dataset_2,2
هايل,2,dataset_2,2
الشبكة راهي هايلة خلال هذه الأيام,2,dataset_2,2
المودام مليح والانترنت مليحة الحمدالله يا ربي,2,dataset_2,2
شكرا موبيليس على المجهودات المبذولة,2,dataset_2,2
في دارنا كاين تدفق عالي بارك الله فيكم,2,dataset_2,2
Merci infiniment pour vos efforts l'équipe de mobilis,2,dataset_2,2
احسن شبكة في تدفق الإنترنت في دزاير بالنسبة ليا,2,dataset_2,2
mobilis numéro 1 FL conixion ya3tikom saha,2,dataset_2,2
فعل عرض فايسبوك ولا يوتيوب غير محدود في موبيليس سيكون أفضل عرض على الإطلاق 🙏,2,dataset_2,2
موبيليس خير من جيزي الانترنت طيارة بوضع طروا جي و الكاتجي,2,dataset_2,2
mobilis la meilleur bravo,2,dataset_2,2
merci mobilis❤️ c'est gentil,2,dataset_2,2
عرض رائع مرسي موبيليس ❤️,2,dataset_2,2
مكالمات مع موبيليس غير محدودة,2,dataset_2,2
صح فطورك و سحورك عمتي موبيليس ❤️❣️🖤,2,dataset_2,2
موبليس لموبليس باطل هادا عرض شباب,2,dataset_2,2
هذا احسن عرض بين كل المتعاملين 👍👍👍👍👍👍,2,dataset_2,2
موبليس موبليس روووووعة,2,dataset_2,2
merci mobilis C Gentil ♥️♥️,2,dataset_2,2
Mobilis connexion rétablie merci,2,dataset_2,2
Mobilis ان شاء الله تعالى فيها خير صح فطوركم,2,dataset_2,2
عروض سما ممتازة لكن الافضل لو تضيفو الواتساب مجان,2,dataset_2,2
دنيا قاع تشتكي واقيل غير انا لي راني راضية عليها 😂,2,dataset_2,2
مم انا انا لي راني راضي عليها,2,dataset_2,2
جيدة جدا....🤗رمضان مبارك,2,dataset_2,2
عند تحويل عرض سيما مشتلي كونكسيو ولهدرة .🤗,2,dataset_2,2
صح فطورك عمتي موبيليس ❤️❤️,2,dataset_2,2
كترولنا في عروض سما mix,2,dataset_2,2
موبيليس - صحا فطورك 🥰❤,2,dataset_2,2
موبيليس الاختيار الامثل ♥,2,dataset_2,2
موبيليس راكم هايلين أقعدو كيما هكدا,2,dataset_2,2
بالتوفيق والنجاح الدائم يا موبيليس,2,dataset_2,2
مبيليس ذباست😁🌹,2,dataset_2,2
كنت مع جيزي سوفريت كي درت موبيليس بش رجعتلي الحياة,2,dataset_2,2
افضل عرض من حيث المكالمات شكرا,2,dataset_2,2
الله يحفظكم ويسعدكم ان شاء الله موبليس فريق ♥,2,dataset_2,2
بارك الله فيكم. تطور ملحوظ ودمتم لنا.,2,dataset_2,2
اجمل عرض في موبيليس والله 🥰❤🌹,2,dataset_2,2
بالتوفيق موبليس,2,dataset_2,2
شعب مايعجباش العجب احمدو ربي,2,dataset_2,2
درتها قبل ماتحكو عليها 😂😂😂,2,dataset_2,2
موبيليس في طريق التحسن,2,dataset_2,2
وي موبيليس احسن شبكة فالعالم شكرا كاميليا على لمجهود يا ربي وترد عليا 😀😀,2,dataset_2,2
Je pense que 90 Go sont bons pour mon wifi de poche Sama Net,2,dataset_2,2
تحيا pixx,2,dataset_2,2
احسن عرض pixx,2,dataset_2,2
عروض الانترنت مليحة شكرا موبيليس ❤️,2,dataset_2,2
الله يبارك 👍👍👍,2,dataset_2,2
حاجةمليحة اوفر شباب كون غير تكون صح 60 جيغا تتفرج بيها نتفلكس كاملة ويبقالك شويا صرف العب بيهم بابجي😂,2,dataset_2,2
Ya3tikom Sa7iito👏🤝,2,dataset_2,2
عروض أنترنت مليحة مقارنة مع الأسعار,2,dataset_2,2
تحيا منتوج بلادي,2,dataset_2,2
العروض هايلين,2,dataset_2,2
عرض جميل كنت أنتضره من زمن طويل شكرا موبليس 💖,2,dataset_2,2
تطور ملحوظ في الخدمات أرى انها فرصة جيدة جدا بالتوفيق و شكرا 🤗😍,2,dataset_2,2
درتها انا هايلة,2,dataset_2,2
كونيكسيو خفيفة وبأسعار معقولة,2,dataset_2,2
و الله أنترنات قوية و كي طلعتو عدد جيكات عادت احسن,2,dataset_2,2
عروض الله يبارك تسما كي درتو عروض هادو راكم ساعدتونا,2,dataset_2,2
موبيليس الله يبارك تسقمت بزااف❤️ bravo,2,dataset_2,2
احسن عرض من أجمل شبكة في عالم بالتوفيق ♥,2,dataset_2,2
عروض مغرية,2,dataset_2,2
اوموا نقصتو شوي حمد الله لي تفكرتو زوالي,2,dataset_2,2
En fin offre chbab nchlh dik 30g tched chwii Machi f nhahrha troo7🙄,2,dataset_2,2
Sama =foort,2,dataset_2,2
و تقول موبيليس ماتتهلاش 😏,2,dataset_2,2
عرض رائع يستجيب لكل متطلبات شكرااا 💚💲,2,dataset_2,2
عرض مشاء الله اول عرض رائع يساعد الزبائن ❤️❤️,2,dataset_2,2
احسن عرض على الاطلاق نتمنى تدفق الانترنت يبقى كما هو او احسن,2,dataset_2,2
حب قلبي موبيليس,2,dataset_2,2
عرض مليح من موبيليس,2,dataset_2,2
يعطيكم الصحة واخيرا فرقتو بين لي يسحق كونيكسيو وبين لي يسحق مكالمات ❤️,2,dataset_2,2
الله يبارك ماشاء الله بالتوفيق والنجاح,2,dataset_2,2
شكرا لكم خدمة في القمة 💚💙😍#موبيليس,2,dataset_2,2
جميل,2,dataset_2,2
وأخيرَا هههه,2,dataset_2,2
موبليس فخر العرب,2,dataset_2,2
عرض جيد...👏,2,dataset_2,2
فكرة الفيديو في الجزء الأول موفقة ومدروسة,2,dataset_2,2
مشاء الله تبارك الرحمآن،إشهار في القمة،وعروض مغرية👌❤️🔥💯,2,dataset_2,2
عرض مليح يعطيكم الصحة 👏,2,dataset_2,2
لقد حسنتم التغطية و حسنتم العروض واصبحت عروض موبليس هي الأفضل في الجزائر من حيث الفئة السعرية شكرا لكم,2,dataset_2,2
قنعتني باه نشري بيس,2,dataset_2,2
عرض sama net هو الافضل لاكن لي يكونكتي برك 🌐,2,dataset_2,2
موبيليس الأفضل في الجزائر أصحاب التعليقات برك تبغوا تنتقدو من أجل الانتقاد فقط.,2,dataset_2,2
جميل ولكن لو كان الفيس مجاني يكون في القمة,2,dataset_2,2
اعلان قمة اتمنا ان تتطور شبكتكم,2,dataset_2,2
أجمل عرض يدل على حس المؤسسة الوطنية من الوطن إلى المواطن,2,dataset_2,2
موبيليس نحو موبيليس اصعد لسماء ماذا تنتظر معا لنصنع المستقبل,2,dataset_2,2
يا سيدي صافا ... تطور ملحوظ هاذ الثلات اشهر في نوعية اشهاراتكم و اعلاناتكم,2,dataset_2,2
مشكورين على العرض الجديد♡ وأتمنى أن تظهرو عروضا جديدة أكثر فأكثر,2,dataset_2,2
موبيليس the best... باقي المتعاملين يمصولك دمّك.,2,dataset_2,2
🐛🐌🦋مراحل تطور موبيليس,2,dataset_2,2
بأذن الله بتوفيق الله يبارك 💖🌹,2,dataset_2,2
مرسي موبيليس ديما متفكرينا🌼🌼🌼🌼🌼بليميساج💖💖💖,2,dataset_2,2
صحيتو موبيليس,2,dataset_2,2
وي موبيليس احسن شبكة فالعالم شكرا كاميليا على لمجهود يا ربي وترد عليا,2,dataset_2,2
تستاهلو كل خير يا أولاد بلادي,2,dataset_2,2
تستاهلوا كل خير ان شاء الله دائما في الريادة,2,dataset_2,2
عرض سما احسن عروض موبيلس شكرا على الخدمة,2,dataset_2,2
صح من لي درنا 4g الحمد لله كاينة الكونكسيو بالتوفيق,2,dataset_2,2
موبيليس بالتوفيق إن شاءلله,2,dataset_2,2
الف شكر,2,dataset_2,2
تستاهلو بكل أمانة ربي يوفقكم احسن شبكة عندي ❣️👍,2,dataset_2,2
أفضل متعامل علي وجه ارض,2,dataset_2,2
مبروك مزيد من التقدم والنجاح إنشاء الله,2,dataset_2,2
تحيا موبيلس وبيها منقدرش معيش ونهدر,2,dataset_2,2
في التغطية تتفوقون على منافسيكم,2,dataset_2,2
تغطيتكم للانترنت ليست مثالية لكنكم الأفضل في الجزائر 👏👏,2,dataset_2,2
هنيئا لموبيليسنا مزيد من التألق والتفوق…,2,dataset_2,2
كلشى مبروك موبليس بتوفيق لكم,2,dataset_2,2
شكرا على المجهودات المبذولة 🥀👌,2,dataset_2,2
شكرا على مثل هذه الخدمات الجميلة,2,dataset_2,2
انتم في القمة احسن شبكة هاتف نقال في الجزائر. مدير الشركة السيد شوقي. يعمل لتطوير المؤسسة بارك الله فيكم,2,dataset_2,2
شكرا علا انت الأفضل المجهودات,2,dataset_2,2
نعم أحسن تغطية، لكن سرعة التدفق جد بطيئة في ولاية عنابة إنشاء الله تؤخذو بعين إعتبار مشكل Bande passante عندكم و الله ولي التوفيق,2,dataset_2,2
أحسن شبكة بالنسبة لي، مزيد من التألق بإذن الله 👍👏❤️,2,dataset_2,2
من حيث المكالمات مشكورون على التغطية,2,dataset_2,2
لمة حق احسن تغطية ❤️💪,2,dataset_2,2
افضل خدمة كان يديرو فيها انترنات غير محدودة,2,dataset_2,2
احسن تغطية,2,dataset_2,2
الكونيكسيو الله يبارك خفيفة وكلش مريقل زيدولنا لي جيقا فالعروض تولو الاوائل ف هاد لمجال,2,dataset_2,2
ماشاء الله تبارك الرحمن مزيد من التالق والتوفيق🥰....مالا مدولي اشتراك مجاني مدى الحياة😁😁😁😁😁😉,2,dataset_2,2
مزيد من التألق و المثابرة و الجد و العمل بالتوفيق,2,dataset_2,2
احسن تغطية في المنطقة 👌👌👌,2,dataset_2,2
مبروك لموبليس نتاعنا كنترا على لما يحبوش منتوجنا الوطني,2,dataset_2,2
موبيليس رقم واحد صحح,2,dataset_2,2
غطيتو كامل الجزائر,2,dataset_2,2
كل التشجيع والنجاح لكل عمال واطارات المتعامل الجزائري وعلى رأسه هذا النابغة والجوهرة الاخ الفاضل شوقي بوخزاني,2,dataset_2,2
نتمنى اطلاق الانترنات المجانى لتكتمل الفرحة,2,dataset_2,2
Mobilis اوووه بارك الله فيكم . من تواضع لله رفعه شكرا جزيلا,2,dataset_2,2
La vitesse de l'intérnet est top du top,2,dataset_2,2
"Oui, j'accepte la meilleure couverture mobile",2,dataset_2,2
نعم أحسن تغطية في المدينة الجديدة الشهيد أحمد زبانة عدل مسرغين وهران الله يبارك,2,dataset_2,2
حظ موفق في فعاليات القادمة مزيد من نجاح وتألق إن شاء الله,2,dataset_2,2
بالبركة عليكم مزيد من النجاحات ان شاء الله موبليس لي زوووم ربي يحفظهم,2,dataset_2,2
موبليس احسن شبكة في الجزائر من غربها الى شرقها ومن شمالها الى جنوبها,2,dataset_2,2
انترنات ومكالمات الله يبارك مشاء الله.,2,dataset_2,2
نتمنى المزيد من التطور ونجاح.ان شاء الله,2,dataset_2,2
مع موبليس اهدر ونعل بليس.,2,dataset_2,2
كونكسيو. وين ماتروح كاينة .خدمة ممتازة جدا. سلام عليكم.,2,dataset_2,2
موبيليس تتحصل على جائزة أحسن تغطية في #الجزائر المقدمة من شركة #أوكلا العالمية..الف مبروك. موبليس. في القمة. مشاء الله.,2,dataset_2,2
أنا أملك شريحة موبيليس منذو 2017 إنها جيدة بتوفيق,2,dataset_2,2
كل النجاح والتوفيق لمدير المؤسسة والمزيد من التآلق ونجاح.,2,dataset_2,2
مؤسسة موبليس. تحياتي لكم. ولكل عمال الشركة.,2,dataset_2,2
